ime,zvrst in število epizod,čas nastajanja,število uporabnikov,ocena
Sousou no Frieren,TV (28 eps),Sep 2023 - Mar 2024,"832,004",9.34
Fullmetal Alchemist: Brotherhood,TV (64 eps),Apr 2009 - Jul 2010,"3,387,651",9.09
Steins;Gate,TV (24 eps),Apr 2011 - Sep 2011,"2,594,870",9.07
Gintama°,TV (51 eps),Apr 2015 - Mar 2016,"639,453",9.06
Shingeki no Kyojin Season 3 Part 2,TV (10 eps),Apr 2019 - Jul 2019,"2,318,558",9.05
Gintama: The Final,Movie (1 eps),Jan 2021 - Jan 2021,"154,609",9.04
Gintama&#039;,TV (51 eps),Apr 2011 - Mar 2012,"563,970",9.03
Hunter x Hunter (2011),TV (148 eps),Oct 2011 - Sep 2014,"2,879,388",9.03
Ginga Eiyuu Densetsu,OVA (110 eps),Jan 1988 - Mar 1997,"327,180",9.02
Gintama&#039;: Enchousen,TV (13 eps),Oct 2012 - Mar 2013,"329,407",9.02
Bleach: Sennen Kessen-hen,TV (13 eps),Oct 2022 - Dec 2022,"561,233",9.01
Kaguya-sama wa Kokurasetai: Ultra Romantic,TV (13 eps),Apr 2022 - Jun 2022,"953,734",9.00
Gintama.,TV (12 eps),Jan 2017 - Mar 2017,"318,947",8.98
Fruits Basket: The Final,TV (13 eps),Apr 2021 - Jun 2021,"490,012",8.97
Monogatari Series: Off &amp; Monster Season,ONA (? eps),Jul 2024 -,"55,259",8.96
Koe no Katachi,Movie (1 eps),Sep 2016 - Sep 2016,"2,367,468",8.93
Clannad: After Story,TV (24 eps),Oct 2008 - Mar 2009,"1,205,757",8.93
Gintama,TV (201 eps),Apr 2006 - Mar 2010,"1,076,336",8.93
3-gatsu no Lion 2nd Season,TV (22 eps),Oct 2017 - Mar 2018,"406,975",8.92
Code Geass: Hangyaku no Lelouch R2,TV (25 eps),Apr 2008 - Sep 2008,"1,803,643",8.91
Gintama Movie 2: Kanketsu-hen - Yorozuya yo Eien Nare,Movie (1 eps),Jul 2013 - Jul 2013,"243,503",8.90
Kusuriya no Hitorigoto,TV (24 eps),Oct 2023 - Mar 2024,"445,609",8.90
Shingeki no Kyojin: The Final Season - Kanketsu-hen,TV Special (2 eps),Mar 2023 - Nov 2023,"676,046",8.89
Gintama.: Shirogane no Tamashii-hen - Kouhan-sen,TV (14 eps),Jul 2018 - Oct 2018,"202,191",8.88
Monster,TV (74 eps),Apr 2004 - Sep 2005,"1,147,555",8.88
Owarimonogatari 2nd Season,TV Special (7 eps),Aug 2017 - Aug 2017,"404,666",8.87
Violet Evergarden Movie,Movie (1 eps),Sep 2020 - Sep 2020,"626,510",8.86
Kimi no Na wa.,Movie (1 eps),Aug 2016 - Aug 2016,"2,780,702",8.83
Kingdom 3rd Season,TV (26 eps),Apr 2020 - Oct 2021,"106,784",8.82
Boku no Kokoro no Yabai Yatsu 2nd Season,TV (13 eps),Jan 2024 - Mar 2024,"197,735",8.82
Gintama.: Shirogane no Tamashii-hen,TV (12 eps),Jan 2018 - Mar 2018,"216,016",8.81
Vinland Saga Season 2,TV (24 eps),Jan 2023 - Jun 2023,"641,867",8.81
Jujutsu Kaisen 2nd Season,TV (23 eps),Jul 2023 - Dec 2023,"1,001,808",8.81
Mob Psycho 100 II,TV (13 eps),Jan 2019 - Apr 2019,"1,558,230",8.79
Kizumonogatari III: Reiketsu-hen,Movie (1 eps),Jan 2017 - Jan 2017,"469,505",8.78
Bocchi the Rock!,TV (12 eps),Oct 2022 - Dec 2022,"600,552",8.78
Haikyuu!! Karasuno Koukou vs. Shiratorizawa Gakuen Koukou,TV (10 eps),Oct 2016 - Dec 2016,"1,222,862",8.78
Shingeki no Kyojin: The Final Season,TV (16 eps),Dec 2020 - Mar 2021,"2,036,496",8.78
Kaguya-sama wa Kokurasetai: First Kiss wa Owaranai,Movie (1 eps),Dec 2022 - Dec 2022,"280,232",8.77
Sen to Chihiro no Kamikakushi,Movie (1 eps),Jul 2001 - Jul 2001,"1,879,394",8.77
Hajime no Ippo,TV (75 eps),Oct 2000 - Mar 2002,"606,816",8.77
Shingeki no Kyojin: The Final Season Part 2,TV (12 eps),Jan 2022 - Apr 2022,"1,327,547",8.76
Vinland Saga,TV (24 eps),Jul 2019 - Dec 2019,"1,554,748",8.76
Monogatari Series: Second Season,TV (26 eps),Jul 2013 - Dec 2013,"676,864",8.76
Cowboy Bebop,TV (26 eps),Apr 1998 - Apr 1999,"1,891,441",8.75
Hibike! Euphonium 3,TV (13 eps),Apr 2024 - Jun 2024,"69,309",8.75
The First Slam Dunk,Movie (1 eps),Dec 2022 - Dec 2022,"48,475",8.75
Kimetsu no Yaiba: Yuukaku-hen,TV (11 eps),Dec 2021 - Feb 2022,"1,476,753",8.74
Kingdom 4th Season,TV (26 eps),Apr 2022 - Oct 2022,"67,367",8.74
Kingdom 5th Season,TV (13 eps),Jan 2024 - Mar 2024,"38,407",8.73
Shiguang Dailiren,ONA (11 eps),Apr 2021 - Jul 2021,"379,919",8.73
Ashita no Joe 2,TV (47 eps),Oct 1980 - Aug 1981,"53,867",8.73
Mushishi Zoku Shou 2nd Season,TV (10 eps),Oct 2014 - Dec 2014,"270,440",8.72
One Piece,TV (? eps),Oct 1999 -,"2,399,543",8.72
Mob Psycho 100 III,TV (12 eps),Oct 2022 - Dec 2022,"702,774",8.71
86 Part 2,TV (12 eps),Oct 2021 - Mar 2022,"517,430",8.71
Shouwa Genroku Rakugo Shinjuu: Sukeroku Futatabi-hen,TV (12 eps),Jan 2017 - Mar 2017,"189,504",8.71
Rurouni Kenshin: Meiji Kenkaku Romantan - Tsuioku-hen,OVA (4 eps),Feb 1999 - Sep 1999,"278,969",8.70
Code Geass: Hangyaku no Lelouch,TV (25 eps),Oct 2006 - Jul 2007,"2,278,769",8.70
Bleach: Sennen Kessen-hen - Ketsubetsu-tan,TV (13 eps),Jul 2023 - Sep 2023,"288,293",8.69
Great Teacher Onizuka,TV (43 eps),Jun 1999 - Sep 2000,"840,885",8.69
Mushishi Zoku Shou,TV (10 eps),Apr 2014 - Jun 2014,"304,040",8.69
Mo Dao Zu Shi: Wanjie Pian,ONA (12 eps),Aug 2021 - Oct 2021,"82,386",8.68
Violet Evergarden,TV (13 eps),Jan 2018 - Apr 2018,"1,810,241",8.68
Tian Guan Cifu Er,ONA (12 eps),Oct 2023 - Jan 2024,"47,060",8.67
Haikyuu!! Movie: Gomisuteba no Kessen,Movie (1 eps),Feb 2024 - Feb 2024,"132,143",8.67
Hajime no Ippo: New Challenger,TV (26 eps),Jan 2009 - Jul 2009,"291,982",8.67
Fate/stay night Movie: Heaven&#039;s Feel - III. Spring Song,Movie (1 eps),Aug 2020 - Aug 2020,"358,409",8.66
Howl no Ugoku Shiro,Movie (1 eps),Nov 2004 - Nov 2004,"1,361,009",8.66
Mononoke Hime,Movie (1 eps),Jul 1997 - Jul 1997,"1,274,095",8.66
Mushishi,TV (26 eps),Oct 2005 - Jun 2006,"840,579",8.66
Mushoku Tensei: Isekai Ittara Honki Dasu Part 2,TV (12 eps),Oct 2021 - Dec 2021,"952,713",8.66
Odd Taxi,TV (13 eps),Apr 2021 - Jun 2021,"443,030",8.66
Kimi ni Todoke 3rd Season,ONA (5 eps),Aug 2024 - Aug 2024,"54,259",8.65
Made in Abyss,TV (13 eps),Jul 2017 - Sep 2017,"1,403,653",8.64
Natsume Yuujinchou Shi,TV (13 eps),Jan 2012 - Mar 2012,"248,125",8.64
Bungou Stray Dogs 5th Season,TV (11 eps),Jul 2023 - Sep 2023,"192,912",8.64
Shigatsu wa Kimi no Uso,TV (22 eps),Oct 2014 - Mar 2015,"2,240,316",8.64
Shiguang Dailiren II,ONA (12 eps),Jul 2023 - Sep 2023,"117,494",8.63
Shingeki no Kyojin Season 3,TV (12 eps),Jul 2018 - Oct 2018,"2,405,973",8.63
Tengen Toppa Gurren Lagann,TV (27 eps),Apr 2007 - Sep 2007,"1,630,176",8.63
Kaguya-sama wa Kokurasetai? Tensai-tachi no Renai Zunousen,TV (12 eps),Apr 2020 - Jun 2020,"1,363,136",8.63
Made in Abyss: Retsujitsu no Ougonkyou,TV (12 eps),Jul 2022 - Sep 2022,"457,577",8.63
&quot;Oshi no Ko&quot;,TV (11 eps),Apr 2023 - Jun 2023,"829,459",8.63
Death Note,TV (37 eps),Oct 2006 - Jun 2007,"3,952,098",8.62
Haikyuu!! Second Season,TV (25 eps),Oct 2015 - Mar 2016,"1,451,292",8.62
Ping Pong the Animation,TV (11 eps),Apr 2014 - Jun 2014,"399,959",8.62
Made in Abyss Movie 3: Fukaki Tamashii no Reimei,Movie (1 eps),Jan 2020 - Jan 2020,"473,470",8.61
Natsume Yuujinchou Roku,TV (11 eps),Apr 2017 - Jun 2017,"188,837",8.61
Dungeon Meshi,TV (24 eps),Jan 2024 - Jun 2024,"330,223",8.61
Cyberpunk: Edgerunners,ONA (10 eps),Sep 2022 - Sep 2022,"784,085",8.60
Hajime no Ippo: Rising,TV (25 eps),Oct 2013 - Mar 2014,"265,268",8.60
Suzumiya Haruhi no Shoushitsu,Movie (1 eps),Feb 2010 - Feb 2010,"615,569",8.60
Shin Evangelion Movie:||,Movie (1 eps),Mar 2021 - Mar 2021,"381,637",8.59
Jujutsu Kaisen,TV (24 eps),Oct 2020 - Mar 2021,"2,612,963",8.59
Kenpuu Denki Berserk,TV (25 eps),Oct 1997 - Apr 1998,"674,774",8.59
Mushishi Zoku Shou: Suzu no Shizuku,Movie (1 eps),May 2015 - May 2015,"130,563",8.59
Seishun Buta Yarou wa Yumemiru Shoujo no Yume wo Minai,Movie (1 eps),Jun 2019 - Jun 2019,"723,981",8.59
Kimetsu no Yaiba Movie: Mugen Ressha-hen,Movie (1 eps),Oct 2020 - Oct 2020,"1,577,039",8.58
Tengen Toppa Gurren Lagann Movie 2: Lagann-hen,Movie (1 eps),Apr 2009 - Apr 2009,"219,970",8.58
JoJo no Kimyou na Bouken Part 5: Ougon no Kaze,TV (39 eps),Oct 2018 - Jul 2019,"1,043,257",8.57
Kizumonogatari II: Nekketsu-hen,Movie (1 eps),Aug 2016 - Aug 2016,"451,792",8.57
Look Back,Movie (1 eps),Jun 2024 - Jun 2024,"38,145",8.57
Natsume Yuujinchou San,TV (13 eps),Jul 2011 - Sep 2011,"255,476",8.57
Ookami Kodomo no Ame to Yuki,Movie (1 eps),Jul 2012 - Jul 2012,"821,619",8.57
Nana,TV (47 eps),Apr 2006 - Mar 2007,"685,384",8.56
Natsume Yuujinchou Go,TV (11 eps),Oct 2016 - Dec 2016,"189,184",8.56
Doupo Cangqiong: San Nian Zhi Yue,ONA (13 eps),Oct 2021 - Jan 2022,"7,696",8.56
Shouwa Genroku Rakugo Shinjuu,TV (13 eps),Jan 2016 - Apr 2016,"294,533",8.56
Shingeki no Kyojin,TV (25 eps),Apr 2013 - Sep 2013,"3,998,676",8.55
"Shinseiki Evangelion Movie: Air/Magokoro wo, Kimi ni",Movie (1 eps),Jul 1997 - Jul 1997,"946,596",8.55
Slam Dunk,TV (101 eps),Oct 1993 - Mar 1996,"306,054",8.55
Yojouhan Shinwa Taikei,TV (11 eps),Apr 2010 - Jul 2010,"457,053",8.55
JoJo no Kimyou na Bouken Part 6: Stone Ocean Part 3,ONA (14 eps),Dec 2022 - Dec 2022,"214,704",8.55
Kimi no Suizou wo Tabetai,Movie (1 eps),Sep 2018 - Sep 2018,"986,146",8.55
Haikyuu!! To the Top Part 2,TV (12 eps),Oct 2020 - Dec 2020,"834,066",8.55
Fate/Zero 2nd Season,TV (12 eps),Apr 2012 - Jun 2012,"1,127,607",8.54
Fruits Basket 2nd Season,TV (25 eps),Apr 2020 - Sep 2020,"522,306",8.54
Zoku Natsume Yuujinchou,TV (13 eps),Jan 2009 - Mar 2009,"250,753",8.54
Perfect Blue,Movie (1 eps),Feb 1998 - Feb 1998,"724,918",8.54
Mushishi: Hihamukage,TV Special (1 eps),Jan 2014 - Jan 2014,"141,678",8.53
Steins;Gate 0,TV (23 eps),Apr 2018 - Sep 2018,"882,436",8.53
Shingeki no Kyojin Season 2,TV (12 eps),Apr 2017 - Jun 2017,"2,759,315",8.52
Shoujo☆Kageki Revue Starlight Movie,Movie (1 eps),Jun 2021 - Jun 2021,"20,648",8.52
Yuru Camp△ Season 2,TV (13 eps),Jan 2021 - Apr 2021,"229,979",8.52
Bakuman. 3rd Season,TV (25 eps),Oct 2012 - Mar 2013,"332,814",8.52
Gintama Movie 1: Shinyaku Benizakura-hen,Movie (1 eps),Apr 2010 - Apr 2010,"166,259",8.52
Gintama.: Porori-hen,TV (13 eps),Oct 2017 - Dec 2017,"204,612",8.52
Hotaru no Haka,Movie (1 eps),Apr 1988 - Apr 1988,"687,231",8.52
Koukaku Kidoutai: Stand Alone Complex 2nd GIG,TV (26 eps),Jan 2004 - Jan 2005,"229,404",8.52
Kara no Kyoukai Movie 5: Mujun Rasen,Movie (1 eps),Aug 2008 - Aug 2008,"241,136",8.51
Ousama Ranking,TV (23 eps),Oct 2021 - Mar 2022,"659,373",8.51
Samurai Champloo,TV (26 eps),May 2004 - Mar 2005,"1,254,517",8.51
Sora yori mo Tooi Basho,TV (13 eps),Jan 2018 - Mar 2018,"511,224",8.51
Spy x Family,TV (12 eps),Apr 2022 - Jun 2022,"1,602,240",8.51
Tian Guan Cifu Special,ONA (1 eps),Feb 2021 - Feb 2021,"50,809",8.50
JoJo no Kimyou na Bouken Part 4: Diamond wa Kudakenai,TV (39 eps),Apr 2016 - Dec 2016,"1,142,193",8.50
Mob Psycho 100,TV (12 eps),Jul 2016 - Sep 2016,"2,108,005",8.49
One Punch Man,TV (12 eps),Oct 2015 - Dec 2015,"3,260,144",8.49
Yakusoku no Neverland,TV (12 eps),Jan 2019 - Mar 2019,"1,994,190",8.49
Chainsaw Man,TV (12 eps),Oct 2022 - Dec 2022,"1,570,556",8.49
Ansatsu Kyoushitsu 2nd Season,TV (25 eps),Jan 2016 - Jul 2016,"1,452,925",8.48
Aria the Origination,TV (13 eps),Jan 2008 - Apr 2008,"131,254",8.48
Fate/stay night Movie: Heaven&#039;s Feel - II. Lost Butterfly,Movie (1 eps),Jan 2019 - Jan 2019,"395,196",8.48
Mahou Shoujo Madoka★Magica Movie 3: Hangyaku no Monogatari,Movie (1 eps),Oct 2013 - Oct 2013,"385,518",8.48
Mushoku Tensei II: Isekai Ittara Honki Dasu Part 2,TV (12 eps),Apr 2024 - Jul 2024,"374,286",8.48
Pluto,ONA (8 eps),Oct 2023 - Oct 2023,"171,752",8.48
Summertime Render,TV (25 eps),Apr 2022 - Sep 2022,"548,121",8.48
Uchuu Kyoudai,TV (99 eps),Apr 2012 - Mar 2014,"196,812",8.48
Banana Fish,TV (24 eps),Jul 2018 - Dec 2018,"878,945",8.47
Rainbow: Nisha Rokubou no Shichinin,TV (26 eps),Apr 2010 - Sep 2010,"400,116",8.47
Kimetsu no Yaiba,TV (26 eps),Apr 2019 - Sep 2019,"3,089,137",8.46
Mo Dao Zu Shi,ONA (15 eps),Jul 2018 - Oct 2018,"234,433",8.46
Mo Dao Zu Shi: Xian Yun Pian,ONA (8 eps),Aug 2019 - Sep 2019,"107,522",8.46
Nichijou,TV (26 eps),Apr 2011 - Sep 2011,"909,304",8.46
Yuu☆Yuu☆Hakusho,TV (112 eps),Oct 1992 - Jan 1995,"699,373",8.46
Chihayafuru 3,TV (24 eps),Oct 2019 - Mar 2020,"143,685",8.46
Gintama: The Semi-Final,Special (2 eps),Jan 2021 - Jan 2021,"79,571",8.46
Karakai Jouzu no Takagi-san Movie,Movie (1 eps),Jun 2022 - Jun 2022,"77,473",8.45
Owarimonogatari,TV (12 eps),Oct 2015 - Dec 2015,"483,135",8.45
Steins;Gate Movie: Fuka Ryouiki no Déjà vu,Movie (1 eps),Apr 2013 - Apr 2013,"601,022",8.45
Zoku Owarimonogatari,TV (6 eps),May 2019 - Jun 2019,"230,890",8.44
Bungou Stray Dogs 4th Season,TV (13 eps),Jan 2023 - Mar 2023,"299,153",8.44
Girls Band Cry,TV (13 eps),Apr 2024 - Jun 2024,"71,228",8.44
Golden Kamuy 3rd Season,TV (12 eps),Oct 2020 - Dec 2020,"173,481",8.44
Haikyuu!!,TV (25 eps),Apr 2014 - Sep 2014,"2,000,945",8.44
JoJo no Kimyou na Bouken Part 3: Stardust Crusaders 2nd Season,TV (24 eps),Jan 2015 - Jun 2015,"1,131,616",8.44
Jujutsu Kaisen 0 Movie,Movie (1 eps),Dec 2021 - Dec 2021,"996,656",8.43
Mushishi Zoku Shou: Odoro no Michi,TV Special (1 eps),Aug 2014 - Aug 2014,"102,843",8.43
Re:Zero kara Hajimeru Isekai Seikatsu 2nd Season Part 2,TV (12 eps),Jan 2021 - Mar 2021,"906,782",8.43
Wu Liuqi: Xuanwu Guo Pian,ONA (10 eps),Jan 2021 - May 2021,"65,762",8.43
Grand Blue,TV (12 eps),Jul 2018 - Sep 2018,"793,083",8.43
Gintama: Yorinuki Gintama-san on Theater 2D,Movie (2 eps),Aug 2012 - Aug 2012,"44,940",8.42
Hunter x Hunter,TV (62 eps),Oct 1999 - Mar 2001,"599,510",8.42
Kono Oto Tomare! Part 2,TV (13 eps),Oct 2019 - Dec 2019,"181,509",8.42
Kono Subarashii Sekai ni Shukufuku wo! Movie: Kurenai Densetsu,Movie (1 eps),Aug 2019 - Aug 2019,"800,783",8.42
Koukaku Kidoutai: Stand Alone Complex,TV (26 eps),Oct 2002 - Oct 2003,"400,860",8.42
Mononoke,TV (12 eps),Jul 2007 - Sep 2007,"334,041",8.42
Saenai Heroine no Sodatekata Fine,Movie (1 eps),Oct 2019 - Oct 2019,"186,598",8.42
Tian Guan Cifu,ONA (11 eps),Oct 2020 - Jan 2021,"150,772",8.42
Shingeki no Kyojin: Kuinaki Sentaku,OVA (2 eps),Dec 2014 - Apr 2015,"524,784",8.41
Violet Evergarden Gaiden: Eien to Jidou Shuki Ningyou,Movie (1 eps),Sep 2019 - Sep 2019,"431,735",8.41
&quot;Oshi no Ko&quot; 2nd Season,TV (13 eps),Jul 2024 -,"286,524",8.41
Natsume Yuujinchou Movie: Utsusemi ni Musubu,Movie (1 eps),Sep 2018 - Sep 2018,"74,141",8.41
Saiki Kusuo no Ψ-nan,TV (120 eps),Jul 2016 - Dec 2016,"1,123,416",8.41
Saiki Kusuo no Ψ-nan 2,TV (24 eps),Jan 2018 - Jun 2018,"653,000",8.41
Kaguya-sama wa Kokurasetai: Tensai-tachi no Renai Zunousen,TV (12 eps),Jan 2019 - Mar 2019,"1,764,821",8.40
Kamisama Hajimemashita: Kako-hen,OVA (4 eps),Aug 2015 - Aug 2016,"170,566",8.40
Karakai Jouzu no Takagi-san 3,TV (12 eps),Jan 2022 - Mar 2022,"190,262",8.40
Kono Subarashii Sekai ni Shukufuku wo! 3,TV (11 eps),Apr 2024 - Jun 2024,"411,570",8.40
Yuru Camp△ Movie,Movie (1 eps),Jul 2022 - Jul 2022,"82,386",8.40
Vivy: Fluorite Eye&#039;s Song,TV (13 eps),Apr 2021 - Jun 2021,"546,733",8.39
Josee to Tora to Sakana-tachi,Movie (1 eps),Dec 2020 - Dec 2020,"440,347",8.39
Major S5,TV (25 eps),Jan 2009 - Jun 2009,"71,808",8.39
Natsume Yuujinchou Roku Specials,Special (2 eps),Sep 2017 - Oct 2017,"48,171",8.39
Sayonara no Asa ni Yakusoku no Hana wo Kazarou,Movie (1 eps),Feb 2018 - Feb 2018,"441,383",8.39
Doupo Cangqiong: Nian Fan,ONA (157 eps),Jul 2022 -,"7,626",8.39
Fruits Basket: Prelude,Movie (1 eps),Feb 2022 - Feb 2022,"111,051",8.39
Gintama°: Aizome Kaori-hen,OVA (2 eps),Aug 2016 - Nov 2016,"86,830",8.39
Houseki no Kuni,TV (12 eps),Oct 2017 - Dec 2017,"469,615",8.39
Chihayafuru 2,TV (25 eps),Jan 2013 - Jun 2013,"238,394",8.38
Cowboy Bebop: Tengoku no Tobira,Movie (1 eps),Sep 2001 - Sep 2001,"383,190",8.38
Kara no Kyoukai Movie 7: Satsujin Kousatsu (Go),Movie (1 eps),Aug 2009 - Aug 2009,"209,100",8.38
Kaze ga Tsuyoku Fuiteiru,TV (23 eps),Oct 2018 - Mar 2019,"305,688",8.38
Made in Abyss Movie 2: Hourou Suru Tasogare,Movie (1 eps),Jan 2019 - Jan 2019,"142,020",8.37
Mahou Shoujo Madoka★Magica,TV (12 eps),Jan 2011 - Apr 2011,"1,305,614",8.37
Mahou Shoujo Madoka★Magica Movie 2: Eien no Monogatari,Movie (1 eps),Oct 2012 - Oct 2012,"205,879",8.37
Mushoku Tensei: Isekai Ittara Honki Dasu,TV (11 eps),Jan 2021 - Mar 2021,"1,358,769",8.37
Tensei shitara Slime Datta Ken 2nd Season,TV (12 eps),Jan 2021 - Mar 2021,"981,707",8.37
3-gatsu no Lion,TV (22 eps),Oct 2016 - Mar 2017,"685,997",8.37
Barakamon,TV (12 eps),Jul 2014 - Sep 2014,"670,359",8.37
Blue Giant,Movie (1 eps),Feb 2023 - Feb 2023,"28,588",8.37
Cross Game,TV (50 eps),Apr 2009 - Mar 2010,"125,766",8.37
Baccano!,TV (13 eps),Jul 2007 - Nov 2007,"912,950",8.36
Haikyuu!! To the Top,TV (13 eps),Jan 2020 - Apr 2020,"956,101",8.36
Kimetsu no Yaiba: Mugen Ressha-hen,TV (7 eps),Oct 2021 - Nov 2021,"790,534",8.36
Kizumonogatari I: Tekketsu-hen,Movie (1 eps),Jan 2016 - Jan 2016,"537,672",8.36
Meitantei Conan Movie 26: Kurogane no Submarine,Movie (1 eps),Apr 2023 - Apr 2023,"13,123",8.36
Non Non Biyori Nonstop,TV (12 eps),Jan 2021 - Mar 2021,"127,092",8.36
Ramayana: The Legend of Prince Rama,Movie (1 eps),Jan 1993 - Jan 1993,"11,716",8.36
K-On! Movie,Movie (1 eps),Dec 2011 - Dec 2011,"334,879",8.35
Kaze no Tani no Nausicaä,Movie (1 eps),Mar 1984 - Mar 1984,"383,365",8.35
Gintama: Shiroyasha Koutan,Special (1 eps),Sep 2008 - Sep 2008,"71,021",8.35
Hellsing Ultimate,OVA (10 eps),Feb 2006 - Dec 2012,"942,526",8.35
Initial D First Stage,TV (26 eps),Apr 1998 - Dec 1998,"391,444",8.35
Shinseiki Evangelion,TV (26 eps),Oct 1995 - Mar 1996,"1,844,774",8.35
Wu Shan Wu Xing: Xichuan Huan Zi Lin,ONA (4 eps),Jul 2023 - Aug 2023,"13,026",8.35
Yahari Ore no Seishun Love Comedy wa Machigatteiru. Kan,TV (12 eps),Jul 2020 - Sep 2020,"741,832",8.35
Tunshi Xingkong 3rd Season,ONA (33 eps),Sep 2022 - Apr 2023,"2,279",8.34
Usagi Drop,TV (11 eps),Jul 2011 - Sep 2011,"500,289",8.34
Versailles no Bara,TV (40 eps),Oct 1979 - Sep 1980,"100,883",8.34
Violet Evergarden: Kitto &quot;Ai&quot; wo Shiru Hi ga Kuru no Darou,Special (1 eps),Jul 2018 - Jul 2018,"337,982",8.34
Kage no Jitsuryokusha ni Naritakute! 2nd Season,TV (12 eps),Oct 2023 - Dec 2023,"377,706",8.34
Kaijuu 8-gou,TV (12 eps),Apr 2024 - Jun 2024,"412,055",8.34
Bakuman. 2nd Season,TV (25 eps),Oct 2011 - Mar 2012,"356,469",8.34
Fumetsu no Anata e,TV (20 eps),Apr 2021 - Aug 2021,"884,458",8.34
Girls &amp; Panzer: Saishuushou Part 4,Movie (1 eps),Oct 2023 - Oct 2023,"17,736",8.34
Douluo Dalu 2nd Season,ONA (237 eps),Dec 2018 - Jun 2023,"20,676",8.33
Dr. Stone: New World Part 2,TV (11 eps),Oct 2023 - Dec 2023,"289,499",8.33
Hibike! Euphonium 2,TV (13 eps),Oct 2016 - Dec 2016,"236,775",8.33
IDOLiSH7 Third Beat! Part 2,TV (17 eps),Oct 2022 - Feb 2023,"14,740",8.33
Kidou Senshi Gundam: The Origin,OVA (6 eps),Feb 2015 - May 2018,"75,478",8.33
Kiseijuu: Sei no Kakuritsu,TV (24 eps),Oct 2014 - Mar 2015,"1,894,812",8.33
Natsume Yuujinchou: Itsuka Yuki no Hi ni,OVA (1 eps),Feb 2014 - Feb 2014,"81,078",8.33
One Outs,TV (25 eps),Oct 2008 - Apr 2009,"241,646",8.33
Psycho-Pass,TV (22 eps),Oct 2012 - Mar 2013,"1,649,226",8.33
Re:Zero kara Hajimeru Isekai Seikatsu 2nd Season,TV (13 eps),Jul 2020 - Sep 2020,"1,124,117",8.33
Major S6,TV (25 eps),Apr 2010 - Sep 2010,"63,643",8.32
Romeo no Aoi Sora,TV (33 eps),Jan 1995 - Dec 1995,"51,087",8.32
Tensei shitara Slime Datta Ken 2nd Season Part 2,TV (12 eps),Jul 2021 - Sep 2021,"785,362",8.32
Uchuu Senkan Yamato 2199,OVA (26 eps),May 2012 - Oct 2013,"116,857",8.32
Bakemonogatari,TV (15 eps),Jul 2009 - Jun 2010,"1,412,636",8.32
Fate/stay night: Unlimited Blade Works 2nd Season,TV (13 eps),Apr 2015 - Jun 2015,"862,715",8.32
Ginga Eiyuu Densetsu: Die Neue These - Gekitotsu,Movie (12 eps),Mar 2022 - May 2022,"21,874",8.31
Given,TV (11 eps),Jul 2019 - Sep 2019,"581,129",8.31
Hunter x Hunter: Original Video Animation,OVA (8 eps),Jan 2002 - Apr 2002,"128,490",8.31
Kingdom 2nd Season,TV (39 eps),Jun 2013 - Mar 2014,"129,831",8.31
Natsume Yuujinchou,TV (13 eps),Jul 2008 - Sep 2008,"546,518",8.31
Natsume Yuujinchou Go Specials,Special (2 eps),Mar 2017 - Apr 2017,"47,126",8.31
NHK ni Youkoso!,TV (24 eps),Jul 2006 - Dec 2006,"756,199",8.31
Ookami to Koushinryou II,TV (12 eps),Jul 2009 - Sep 2009,"499,088",8.31
Sasaki to Miyano Movie: Sotsugyou-hen,Movie (1 eps),Feb 2023 - Feb 2023,"45,714",8.31
Seishun Buta Yarou wa Randoseru Girl no Yume wo Minai,Movie (1 eps),Dec 2023 - Dec 2023,"92,446",8.31
Violet Evergarden: Recollections,Special (1 eps),Oct 2021 - Oct 2021,"33,219",8.30
86,TV (11 eps),Apr 2021 - Jun 2021,"799,304",8.30
Ano Hi Mita Hana no Namae wo Bokutachi wa Mada Shiranai.,TV (11 eps),Apr 2011 - Jun 2011,"1,620,471",8.30
Ashita no Joe,TV (79 eps),Apr 1970 - Sep 1971,"94,929",8.30
Boku dake ga Inai Machi,TV (12 eps),Jan 2016 - Mar 2016,"2,120,588",8.30
Diamond no Ace: Second Season,TV (51 eps),Apr 2015 - Mar 2016,"139,794",8.30
Evangelion Movie 2: Ha,Movie (1 eps),Jul 2009 - Jul 2009,"550,335",8.30
Ginga Eiyuu Densetsu: Die Neue These - Sakubou,Movie (12 eps),Sep 2022 - Nov 2022,"14,888",8.30
Katanagatari,TV (12 eps),Jan 2010 - Dec 2010,"566,786",8.30
Kemono no Souja Erin,TV (50 eps),Jan 2009 - Dec 2009,"87,682",8.30
Luo Xiao Hei Zhan Ji (Movie),Movie (1 eps),Sep 2019 - Sep 2019,"27,503",8.30
Sakamichi no Apollon,TV (12 eps),Apr 2012 - Jun 2012,"390,140",8.30
Kuroko no Basket 3rd Season,TV (25 eps),Jan 2015 - Jun 2015,"772,377",8.29
Meitantei Conan Movie 06: Baker Street no Bourei,Movie (1 eps),Apr 2002 - Apr 2002,"79,239",8.29
Ore dake Level Up na Ken,TV (12 eps),Jan 2024 - Mar 2024,"710,969",8.29
Steins;Gate: Oukoubakko no Poriomania,Special (1 eps),Feb 2012 - Feb 2012,"443,673",8.29
Suzume no Tojimari,Movie (1 eps),Nov 2022 - Nov 2022,"376,205",8.29
Tunshi Xingkong 2nd Season,ONA (26 eps),Dec 2021 - Sep 2022,"5,997",8.29
Beck,TV (26 eps),Oct 2004 - Mar 2005,"346,291",8.29
Initial D Final Stage,TV (4 eps),May 2014 - Jun 2014,"147,374",8.29
Boku no Hero Academia 6th Season,TV (25 eps),Oct 2022 - Mar 2023,"668,331",8.28
Doukyuusei (Movie),Movie (1 eps),Feb 2016 - Feb 2016,"274,114",8.28
Gintama: Shinyaku Benizakura-hen,Special (1 eps),Dec 2010 - Dec 2010,"44,525",8.28
Hotarubi no Mori e,Movie (1 eps),Sep 2011 - Sep 2011,"831,329",8.28
Kage no Jitsuryokusha ni Naritakute!,TV (20 eps),Oct 2022 - Feb 2023,"669,395",8.28
Kino no Tabi: The Beautiful World,TV (13 eps),Apr 2003 - Jul 2003,"322,435",8.28
Major: World Series,OVA (2 eps),Dec 2011 - Jan 2012,"37,255",8.28
Redline,Movie (1 eps),Aug 2009 - Aug 2009,"384,543",8.28
Rurouni Kenshin: Meiji Kenkaku Romantan,TV (94 eps),Jan 1996 - Sep 1998,"499,989",8.28
Tokyo Godfathers,Movie (1 eps),Nov 2003 - Nov 2003,"298,607",8.28
Yuukoku no Moriarty Part 2,TV (13 eps),Apr 2021 - Jun 2021,"258,004",8.28
Shirobako,TV (24 eps),Oct 2014 - Mar 2015,"448,879",8.27
Tenki no Ko,Movie (1 eps),Jul 2019 - Jul 2019,"1,018,358",8.27
Tsubasa: Tokyo Revelations,OVA (3 eps),Nov 2007 - Mar 2008,"96,592",8.27
Yuru Camp△,TV (12 eps),Jan 2018 - Mar 2018,"500,294",8.27
Diamond no Ace: Act II,TV (52 eps),Apr 2019 - Mar 2020,"92,006",8.27
Dr. Stone,TV (24 eps),Jul 2019 - Dec 2019,"1,765,972",8.27
Fate/Zero,TV (13 eps),Oct 2011 - Dec 2011,"1,514,790",8.27
Gin no Saji 2nd Season,TV (11 eps),Jan 2014 - Mar 2014,"147,146",8.27
Ginga Eiyuu Densetsu: Die Neue These - Seiran 3,Movie (4 eps),Nov 2019 - Nov 2019,"26,811",8.27
Koukaku Kidoutai,Movie (1 eps),Nov 1995 - Nov 1995,"645,416",8.27
Naruto: Shippuuden,TV (500 eps),Feb 2007 - Mar 2017,"2,518,569",8.27
Nodame Cantabile,TV (23 eps),Jan 2007 - Jun 2007,"317,535",8.26
Shinsekai yori,TV (25 eps),Sep 2012 - Mar 2013,"784,359",8.26
Space☆Dandy 2nd Season,TV (13 eps),Jul 2014 - Sep 2014,"170,129",8.26
Steins;Gate: Kyoukaimenjou no Missing Link - Divide By Zero,Special (1 eps),Dec 2015 - Dec 2015,"265,705",8.26
Tenkuu no Shiro Laputa,Movie (1 eps),Aug 1986 - Aug 1986,"496,420",8.26
Gyakkyou Burai Kaiji: Ultimate Survivor,TV (26 eps),Oct 2007 - Apr 2008,"359,176",8.26
Hajime no Ippo: Champion Road,TV Special (1 eps),Apr 2003 - Apr 2003,"141,263",8.26
Blue Lock,TV (24 eps),Oct 2022 - Mar 2023,"709,679",8.25
Dororo,TV (24 eps),Jan 2019 - Jun 2019,"1,246,263",8.25
Hunter x Hunter: Greed Island Final,OVA (14 eps),Mar 2004 - Aug 2004,"147,078",8.25
Kobayashi-san Chi no Maid Dragon S,TV (12 eps),Jul 2021 - Sep 2021,"563,544",8.25
Kono Subarashii Sekai ni Shukufuku wo! 2,TV (10 eps),Jan 2017 - Mar 2017,"1,537,428",8.25
Kuroshitsuji Movie: Book of the Atlantic,Movie (1 eps),Jan 2017 - Jan 2017,"204,748",8.25
Make Heroine ga Oosugiru!,TV (12 eps),Jul 2024 -,"86,937",8.25
Mushoku Tensei II: Isekai Ittara Honki Dasu,TV (12 eps),Jul 2023 - Sep 2023,"582,931",8.25
Planetes,TV (26 eps),Oct 2003 - Apr 2004,"257,179",8.25
Spy x Family Part 2,TV (13 eps),Oct 2022 - Dec 2022,"947,336",8.25
Stranger: Mukou Hadan,Movie (1 eps),Sep 2007 - Sep 2007,"336,574",8.25
Tonari no Totoro,Movie (1 eps),Apr 1988 - Apr 1988,"1,079,666",8.25
World Trigger 3rd Season,TV (14 eps),Oct 2021 - Jan 2022,"120,212",8.25
Tanoshii Muumin Ikka,TV (78 eps),Apr 1990 - Oct 1991,"28,414",8.24
Tunshi Xingkong 4th Season,ONA (52 eps),Oct 2023 -,"2,531",8.24
Boku no Kokoro no Yabai Yatsu,TV (12 eps),Apr 2023 - Jun 2023,"315,825",8.24
Doraemon Movie 31: Shin Nobita to Tetsujin Heidan - Habatake Tenshi-tachi,Movie (1 eps),Mar 2011 - Mar 2011,"16,977",8.24
Dungeon ni Deai wo Motomeru no wa Machigatteiru Darou ka IV: Shin Shou - Yakusai-hen,TV (11 eps),Jan 2023 - Mar 2023,"221,737",8.24
Golden Kamuy 2nd Season,TV (12 eps),Oct 2018 - Dec 2018,"209,764",8.24
Gyakkyou Burai Kaiji: Hakairoku-hen,TV (26 eps),Apr 2011 - Sep 2011,"196,633",8.24
Hajime no Ippo: Mashiba vs. Kimura,OVA (1 eps),Sep 2003 - Sep 2003,"113,668",8.24
Meitantei Conan: Episode One - Chiisaku Natta Meitantei,TV Special (1 eps),Dec 2016 - Dec 2016,"31,771",8.24
Non Non Biyori Movie: Vacation,Movie (1 eps),Aug 2018 - Aug 2018,"80,065",8.24
Sennen Joyuu,Movie (1 eps),Sep 2002 - Sep 2002,"191,050",8.24
Kidou Senshi Gundam: Tekketsu no Orphans 2nd Season,TV (25 eps),Oct 2016 - Apr 2017,"146,683",8.23
Nodame Cantabile Finale,TV (11 eps),Jan 2010 - Mar 2010,"129,006",8.23
Re:Zero kara Hajimeru Isekai Seikatsu,TV (25 eps),Apr 2016 - Sep 2016,"2,222,925",8.23
Seishun Buta Yarou wa Bunny Girl Senpai no Yume wo Minai,TV (13 eps),Oct 2018 - Dec 2018,"1,764,388",8.23
Wu Liuqi: Zui Qiang Fa Xing Shi,ONA (10 eps),Oct 2019 - Jan 2020,"78,001",8.23
Youjo Senki Movie,Movie (1 eps),Feb 2019 - Feb 2019,"287,600",8.23
Yubisaki to Renren,TV (12 eps),Jan 2024 - Mar 2024,"233,383",8.23
Bakemono no Ko,Movie (1 eps),Jul 2015 - Jul 2015,"429,284",8.23
Danshi Koukousei no Nichijou,TV (12 eps),Jan 2012 - Mar 2012,"833,233",8.23
Haikyuu!! Movie 4: Concept no Tatakai,Movie (1 eps),Sep 2017 - Sep 2017,"89,935",8.23
IDOLiSH7 Third Beat!,TV (13 eps),Jul 2021 - Sep 2021,"23,433",8.23
Doupo Cangqiong 4th Season,ONA (24 eps),Mar 2021 - Aug 2021,"7,612",8.22
Kamisama Hajimemashita◎,TV (12 eps),Jan 2015 - Mar 2015,"420,100",8.22
Kimetsu no Yaiba: Katanakaji no Sato-hen,TV (11 eps),Apr 2023 - Jun 2023,"869,110",8.22
Kono Sekai no Katasumi ni,Movie (1 eps),Nov 2016 - Nov 2016,"191,562",8.22
Mahou Shoujo Madoka★Magica Movie 1: Hajimari no Monogatari,Movie (1 eps),Oct 2012 - Oct 2012,"202,674",8.22
Majo no Takkyuubin,Movie (1 eps),Jul 1989 - Jul 1989,"599,518",8.22
Major S3,TV (26 eps),Jan 2007 - Jun 2007,"70,113",8.22
Mimi wo Sumaseba,Movie (1 eps),Jul 1995 - Jul 1995,"370,980",8.22
Ookami to Koushinryou,TV (13 eps),Jan 2008 - Mar 2008,"827,571",8.22
Shoujo Shuumatsu Ryokou,TV (12 eps),Oct 2017 - Dec 2017,"351,723",8.22
Trigun,TV (26 eps),Apr 1998 - Sep 1998,"772,713",8.22
Shen Yin Wangzuo 2nd Season,ONA (130 eps),Nov 2022 -,"4,408",8.21
Shoujo Kakumei Utena,TV (39 eps),Apr 1997 - Dec 1997,"224,772",8.21
SKET Dance,TV (77 eps),Apr 2011 - Sep 2012,"227,055",8.21
Tengoku Daimakyou,TV (13 eps),Apr 2023 - Jun 2023,"496,000",8.21
xxxHOLiC◆Kei,TV (13 eps),Apr 2008 - Jun 2008,"145,743",8.21
BanG Dream! It&#039;s MyGO!!!!!,TV (13 eps),Jun 2023 - Sep 2023,"21,461",8.21
Bungou Stray Dogs 3rd Season,TV (12 eps),Apr 2019 - Jun 2019,"646,241",8.21
Cardcaptor Sakura Movie 2: Fuuin Sareta Card,Movie (1 eps),Jul 2000 - Jul 2000,"117,257",8.21
Fruits Basket 1st Season,TV (25 eps),Apr 2019 - Sep 2019,"849,235",8.21
Great Pretender,TV (23 eps),Jul 2020 - Dec 2020,"675,959",8.21
Kaguya-hime no Monogatari,Movie (1 eps),Nov 2013 - Nov 2013,"236,773",8.21
Kuroko no Basket 2nd Season,TV (25 eps),Oct 2013 - Mar 2014,"866,024",8.21
Liz to Aoi Tori,Movie (1 eps),Apr 2018 - Apr 2018,"145,014",8.21
Magi: The Kingdom of Magic,TV (25 eps),Oct 2013 - Mar 2014,"850,461",8.21
Major S1,TV (26 eps),Nov 2004 - May 2005,"102,621",8.21
Quanzhi Gaoshou Specials,ONA (3 eps),Apr 2018 - May 2018,"106,777",8.21
Sasaki to Miyano,TV (12 eps),Jan 2022 - Mar 2022,"201,663",8.21
Meitantei Conan Movie 13: Shikkoku no Chaser,Movie (1 eps),Apr 2009 - Apr 2009,"60,824",8.20
One Piece Movie 14: Stampede,Movie (1 eps),Aug 2019 - Aug 2019,"195,820",8.20
ReLIFE: Kanketsu-hen,Special (4 eps),Mar 2018 - Mar 2018,"402,850",8.20
Saiki Kusuo no Ψ-nan: Kanketsu-hen,TV Special (1 eps),Dec 2018 - Dec 2018,"224,066",8.20
Vanitas no Karte Part 2,TV (12 eps),Jan 2022 - Apr 2022,"286,828",8.20
Yahari Ore no Seishun Love Comedy wa Machigatteiru. Zoku,TV (13 eps),Apr 2015 - Jun 2015,"1,076,517",8.20
Berserk: Ougon Jidai-hen III - Kourin,Movie (1 eps),Feb 2013 - Feb 2013,"229,169",8.20
Fate/strange Fake: Whispers of Dawn,TV Special (1 eps),Jul 2023 - Jul 2023,"79,428",8.20
Horimiya,TV (13 eps),Jan 2021 - Apr 2021,"1,413,669",8.20
InuYasha: Kanketsu-hen,TV (26 eps),Oct 2009 - Mar 2010,"287,294",8.20
Asobi Asobase,TV (12 eps),Jul 2018 - Sep 2018,"488,037",8.19
Hachimitsu to Clover II,TV (12 eps),Jun 2006 - Sep 2006,"107,862",8.19
Maison Ikkoku,TV (96 eps),Mar 1986 - Mar 1988,"74,698",8.19
Mo Dao Zu Shi Q,ONA (30 eps),Jul 2020 - Jan 2021,"24,900",8.19
Nomad: Megalo Box 2,TV (13 eps),Apr 2021 - Jun 2021,"203,486",8.19
One Piece: Episode of Merry - Mou Hitori no Nakama no Monogatari,TV Special (1 eps),Aug 2013 - Aug 2013,"63,462",8.19
Senki Zesshou Symphogear XV,TV (13 eps),Jul 2019 - Sep 2019,"40,173",8.19
xxxHOLiC Rou,OVA (2 eps),Apr 2010 - Mar 2011,"70,533",8.19
Sono Bisque Doll wa Koi wo Suru,TV (12 eps),Jan 2022 - Mar 2022,"1,087,968",8.18
Spy x Family Movie: Code: White,Movie (1 eps),Dec 2023 - Dec 2023,"135,349",8.18
Stand By Me Doraemon 2,Movie (1 eps),Nov 2020 - Nov 2020,"25,353",8.18
Yojouhan Time Machine Blues,ONA (6 eps),Sep 2022 - Oct 2022,"43,792",8.18
Yoru wa Mijikashi Arukeyo Otome,Movie (1 eps),Apr 2017 - Apr 2017,"128,831",8.18
Ao Ashi,TV (24 eps),Apr 2022 - Sep 2022,"216,629",8.18
Bakuman.,TV (25 eps),Oct 2010 - Apr 2011,"626,776",8.18
Ballroom e Youkoso,TV (24 eps),Jul 2017 - Dec 2017,"339,707",8.18
Bungou Stray Dogs 2nd Season,TV (12 eps),Oct 2016 - Dec 2016,"871,596",8.18
Chihayafuru,TV (25 eps),Oct 2011 - Mar 2012,"466,892",8.18
Dragon Ball Super: Broly,Movie (1 eps),Dec 2018 - Dec 2018,"412,992",8.18
Dragon Ball Z,TV (291 eps),Apr 1989 - Jan 1996,"1,240,275",8.18
Fate/stay night: Unlimited Blade Works,TV (12 eps),Oct 2014 - Dec 2014,"1,082,540",8.18
Girls &amp; Panzer Movie,Movie (1 eps),Nov 2015 - Nov 2015,"108,230",8.18
Horimiya: Piece,TV (13 eps),Jul 2023 - Sep 2023,"335,701",8.18
Hunter x Hunter: Greed Island,OVA (8 eps),Feb 2003 - Apr 2003,"158,822",8.18
Initial D Second Stage,TV (13 eps),Oct 1999 - Jan 2000,"224,820",8.18
Kimetsu no Yaiba: Hashira Geiko-hen,TV (8 eps),May 2024 - Jun 2024,"465,929",8.18
Kotarou wa Hitorigurashi,ONA (10 eps),Mar 2022 - Mar 2022,"159,286",8.18
Little Busters! Refrain,TV (13 eps),Oct 2013 - Dec 2013,"168,069",8.18
Major S2,TV (26 eps),Dec 2005 - Jun 2006,"72,759",8.18
Major S4,TV (26 eps),Jan 2008 - Jun 2008,"66,266",8.18
Meitantei Conan Movie 20: Junkoku no Nightmare,Movie (1 eps),Apr 2016 - Apr 2016,"42,783",8.18
No Game No Life: Zero,Movie (1 eps),Jul 2017 - Jul 2017,"880,198",8.18
Non Non Biyori Repeat,TV (12 eps),Jul 2015 - Sep 2015,"202,807",8.18
K-On!!,TV (26 eps),Apr 2010 - Sep 2010,"704,223",8.17
Made in Abyss Movie 1: Tabidachi no Yoake,Movie (1 eps),Jan 2019 - Jan 2019,"132,851",8.17
Meitantei Conan,TV (? eps),Jan 1996 -,"352,799",8.17
Yuukoku no Moriarty,TV (11 eps),Oct 2020 - Dec 2020,"438,230",8.17
Black Lagoon: The Second Barrage,TV (12 eps),Oct 2006 - Dec 2006,"525,416",8.17
Cardcaptor Sakura,TV (70 eps),Apr 1998 - Mar 2000,"443,590",8.17
Digimon Adventure: Last Evolution Kizuna,Movie (1 eps),Feb 2020 - Feb 2020,"45,546",8.17
Girls &amp; Panzer: Saishuushou Part 3,Movie (1 eps),Mar 2021 - Mar 2021,"28,737",8.17
Haikyuu!! Movie 3: Sainou to Sense,Movie (1 eps),Sep 2017 - Sep 2017,"93,111",8.17
Higurashi no Naku Koro ni Kai,TV (24 eps),Jul 2007 - Dec 2007,"484,135",8.17
Holo no Graffiti,ONA (? eps),May 2019 -,"55,902",8.17
Initial D Fourth Stage,TV (24 eps),Apr 2004 - Feb 2006,"191,984",8.17
Akira,Movie (1 eps),Jul 1988 - Jul 1988,"865,400",8.16
Aria the Natural,TV (26 eps),Apr 2006 - Sep 2006,"80,381",8.16
Dr. Stone: Ryuusui,TV Special (1 eps),Jul 2022 - Jul 2022,"302,178",8.16
Dr. Stone: Stone Wars,TV (11 eps),Jan 2021 - Mar 2021,"1,059,243",8.16
Fate/stay night Movie: Heaven&#039;s Feel - I. Presage Flower,Movie (1 eps),Oct 2017 - Oct 2017,"461,787",8.16
Ginga Eiyuu Densetsu: Die Neue These - Seiran 2,Movie (4 eps),Oct 2019 - Oct 2019,"26,201",8.16
"Kamisama Hajimemashita: Kamisama, Shiawase ni Naru",OVA (1 eps),Dec 2016 - Dec 2016,"66,817",8.16
Lycoris Recoil,TV (13 eps),Jul 2022 - Sep 2022,"506,073",8.16
Natsume Yuujinchou: Ishi Okoshi to Ayashiki Raihousha,Movie (1 eps),Jan 2021 - Jan 2021,"36,721",8.16
Ouran Koukou Host Club,TV (26 eps),Apr 2006 - Sep 2006,"1,138,266",8.16
Shinigami Bocchan to Kuro Maid 3rd Season,TV (12 eps),Apr 2024 - Jun 2024,"46,643",8.16
Tengen Toppa Gurren Lagann Movie 1: Gurren-hen,Movie (1 eps),Sep 2008 - Sep 2008,"167,922",8.16
Toaru Kagaku no Railgun T,TV (25 eps),Jan 2020 - Sep 2020,"235,290",8.16
Dr. Stone: New World,TV (11 eps),Apr 2023 - Jun 2023,"475,122",8.15
Eiga Daisuki Pompo-san,Movie (1 eps),Jun 2021 - Jun 2021,"50,052",8.15
Lupin III: Cagliostro no Shiro,Movie (1 eps),Dec 1979 - Dec 1979,"118,599",8.15
Noragami Aragoto,TV (13 eps),Oct 2015 - Dec 2015,"1,469,503",8.15
Kaiba,TV (12 eps),Apr 2008 - Jul 2008,"154,616",8.14
Kyoukai no Kanata Movie 2: I&#039;ll Be Here - Mirai-hen,Movie (1 eps),Apr 2015 - Apr 2015,"264,634",8.14
Major: Message,OVA (1 eps),Dec 2010 - Dec 2010,"31,183",8.14
Non Non Biyori Nonstop: Bukatsu wo Ganbatta,OVA (1 eps),Mar 2022 - Mar 2022,"22,323",8.14
Shokugeki no Souma,TV (24 eps),Apr 2015 - Sep 2015,"1,658,484",8.14
Tensei shitara Slime Datta Ken,TV (24 eps),Oct 2018 - Mar 2019,"1,472,977",8.14
Working!!! Lord of the Takanashi,Special (1 eps),Mar 2016 - Mar 2016,"103,681",8.14
Wu Liuqi: Anying Suming,ONA (10 eps),Jan 2023 - Mar 2023,"23,773",8.14
Yi Nian Yong Heng: Chuan Cheng Pian,ONA (54 eps),Jul 2022 - Jul 2023,"6,490",8.14
Black Clover,TV (170 eps),Oct 2017 - Mar 2021,"1,697,909",8.14
Cang Yuan Tu,ONA (26 eps),Jun 2023 - Dec 2023,"2,285",8.14
Death Parade,TV (12 eps),Jan 2015 - Mar 2015,"1,791,349",8.14
Given: Uragawa no Sonzai,OVA (1 eps),Dec 2021 - Dec 2021,"90,279",8.14
IDOLiSH7 Second Beat!,TV (15 eps),Apr 2020 - Dec 2020,"32,360",8.14
Eizouken ni wa Te wo Dasu na!,TV (12 eps),Jan 2020 - Mar 2020,"340,737",8.13
Ginga Eiyuu Densetsu Gaiden,OVA (24 eps),Feb 1998 - Sep 1998,"24,633",8.13
Given Movie 1,Movie (1 eps),Aug 2020 - Aug 2020,"241,158",8.13
Hinamatsuri,TV (12 eps),Apr 2018 - Jun 2018,"518,798",8.13
Interstella5555: The 5tory of The 5ecret 5tar 5ystem,Movie (1 eps),Dec 2003 - Dec 2003,"74,989",8.13
Kidou Senshi Gundam: The Origin - Zenya Akai Suisei,TV (13 eps),Apr 2019 - Aug 2019,"23,736",8.13
Lupin III: Part 5,TV (24 eps),Apr 2018 - Sep 2018,"45,019",8.13
Nisemonogatari,TV (11 eps),Jan 2012 - Mar 2012,"737,930",8.13
Nodame Cantabile: Paris-hen,TV (11 eps),Oct 2008 - Dec 2008,"125,885",8.13
Paripi Koumei,TV (12 eps),Apr 2022 - Jun 2022,"299,928",8.13
Princess Tutu,TV (38 eps),Aug 2002 - May 2003,"171,812",8.13
Seirei no Moribito,TV (26 eps),Apr 2007 - Sep 2007,"220,814",8.13
JoJo no Kimyou na Bouken Part 6: Stone Ocean,ONA (12 eps),Dec 2021 - Dec 2021,"517,022",8.12
Katekyou Hitman Reborn!,TV (203 eps),Oct 2006 - Sep 2010,"561,318",8.12
Kaze Tachinu,Movie (1 eps),Jul 2013 - Jul 2013,"346,151",8.12
One Piece Film: Z,Movie (1 eps),Dec 2012 - Dec 2012,"288,603",8.12
Buddy Daddies,TV (12 eps),Jan 2023 - Apr 2023,"285,029",8.12
Gankutsuou,TV (24 eps),Oct 2004 - Mar 2005,"252,815",8.12
Gintama&#039;: Futon ni Haitte kara Buki Nokoshi ni Kizuite Neru ni Nerenai Toki mo Aru,Special (1 eps),Apr 2015 - Apr 2015,"41,876",8.12
Skip to Loafer,TV (12 eps),Apr 2023 - Jun 2023,"274,684",8.12
Kamisama Hajimemashita,TV (13 eps),Oct 2012 - Dec 2012,"666,462",8.11
Kidou Senshi Gundam 00,TV (25 eps),Oct 2007 - Mar 2008,"222,192",8.11
Kuragehime,TV (11 eps),Oct 2010 - Dec 2010,"242,833",8.11
Mahou Shoujo Lyrical Nanoha: The Movie 2nd A&#039;s,Movie (1 eps),Jul 2012 - Jul 2012,"24,559",8.11
Meitantei Conan Movie 05: Tengoku e no Countdown,Movie (1 eps),Apr 2001 - Apr 2001,"64,864",8.11
Meitantei Conan Movie 14: Tenkuu no Lost Ship,Movie (1 eps),Apr 2010 - Apr 2010,"58,170",8.11
One Piece: Episode of Nami - Koukaishi no Namida to Nakama no Kizuna,TV Special (1 eps),Aug 2012 - Aug 2012,"71,183",8.11
Saiki Kusuo no Ψ-nan: Ψ-shidou-hen,ONA (6 eps),Dec 2019 - Dec 2019,"226,150",8.11
Diamond no Ace,TV (75 eps),Oct 2013 - Mar 2015,"248,623",8.11
Fullmetal Alchemist,TV (51 eps),Oct 2003 - Oct 2004,"1,482,825",8.11
Golden Kamuy 4th Season,TV (13 eps),Oct 2022 - Jun 2023,"99,075",8.11
Initial D Fifth Stage,TV (14 eps),Nov 2012 - May 2013,"153,350",8.11
Akatsuki no Yona OVA,OVA (3 eps),Sep 2015 - Dec 2016,"136,897",8.10
Chuunibyou demo Koi ga Shitai! Movie: Take On Me,Movie (1 eps),Jan 2018 - Jan 2018,"276,209",8.10
Detroit Metal City,OVA (12 eps),Aug 2008 - Oct 2008,"214,458",8.10
Durarara!!,TV (24 eps),Jan 2010 - Jun 2010,"1,418,039",8.10
Gintama°: Umai-mono wa Atomawashi ni Suru to Yokodorisareru kara Yappari Saki ni Kue,Special (1 eps),Nov 2015 - Nov 2015,"34,953",8.10
Jigokuraku,TV (13 eps),Apr 2023 - Jul 2023,"709,594",8.10
Shen Yin Wangzuo,ONA (26 eps),Apr 2022 - Sep 2022,"7,270",8.10
Stand By Me Doraemon,Movie (1 eps),Aug 2014 - Aug 2014,"56,396",8.10
Tamayura: Sotsugyou Shashin Part 4 - Ashita,Movie (1 eps),Apr 2016 - Apr 2016,"11,908",8.10
Toki wo Kakeru Shoujo,Movie (1 eps),Jul 2006 - Jul 2006,"798,569",8.10
Youkoso Jitsuryoku Shijou Shugi no Kyoushitsu e 2nd Season,TV (13 eps),Jul 2022 - Sep 2022,"660,454",8.10
JoJo no Kimyou na Bouken Part 3: Stardust Crusaders,TV (24 eps),Apr 2014 - Sep 2014,"1,237,284",8.10
Kono Subarashii Sekai ni Shukufuku wo!,TV (10 eps),Jan 2016 - Mar 2016,"1,991,032",8.10
Koukaku Kidoutai: Stand Alone Complex - Solid State Society,TV Special (1 eps),Sep 2006 - Sep 2006,"101,589",8.10
Kuroko no Basket: Saikou no Present desu,Special (1 eps),Dec 2015 - Dec 2015,"109,200",8.10
Mahoutsukai no Yome: Hoshi Matsu Hito,OVA (3 eps),Sep 2016 - Sep 2017,"285,451",8.10
Saint Seiya: The Lost Canvas - Meiou Shinwa 2,OVA (13 eps),Feb 2011 - Jul 2011,"76,582",8.10
Kidou Senshi Gundam Unicorn,OVA (7 eps),Mar 2010 - Jun 2014,"100,468",8.09
Precure All Stars Movie F,Movie (1 eps),Sep 2023 - Sep 2023,"3,014",8.09
Serial Experiments Lain,TV (13 eps),Jul 1998 - Sep 1998,"794,056",8.09
Gin no Saji,TV (11 eps),Jul 2013 - Sep 2013,"296,927",8.09
Gridman Universe,Movie (1 eps),Mar 2023 - Mar 2023,"29,914",8.09
Hajime no Ippo: Boxer no Kobushi,Special (1 eps),Mar 2003 - Mar 2003,"57,269",8.09
Honzuki no Gekokujou: Shisho ni Naru Tame ni wa Shudan wo Erandeiraremasen 2nd Season,TV (12 eps),Apr 2020 - Jun 2020,"217,543",8.09
Tsubasa: Shunraiki,OVA (2 eps),Mar 2009 - May 2009,"62,916",8.09
Tsukimonogatari,TV Special (4 eps),Dec 2014 - Dec 2014,"422,076",8.09
Tsurune: Tsunagari no Issha,TV (13 eps),Jan 2023 - Mar 2023,"57,328",8.09
Zankyou no Terror,TV (11 eps),Jul 2014 - Sep 2014,"1,183,559",8.09
Tokidoki Bosotto Russia-go de Dereru Tonari no Alya-san,TV (12 eps),Jul 2024 -,"224,991",8.08
Uchouten Kazoku 2,TV (12 eps),Apr 2017 - Jun 2017,"65,458",8.08
Kuroko no Basket Movie 4: Last Game,Movie (1 eps),Mar 2017 - Mar 2017,"313,019",8.08
Mirai Shounen Conan,TV (26 eps),Apr 1978 - Oct 1978,"51,956",8.08
Overlord IV,TV (13 eps),Jul 2022 - Sep 2022,"540,346",8.08
Quanzhi Gaoshou: Dianfeng Rongyao,Movie (1 eps),Aug 2019 - Aug 2019,"51,512",8.08
Ansatsu Kyoushitsu,TV (22 eps),Jan 2015 - Jun 2015,"2,044,878",8.08
Baccano! Specials,Special (3 eps),Feb 2008 - May 2008,"180,328",8.08
Boku no Hero Academia 2nd Season,TV (25 eps),Apr 2017 - Sep 2017,"2,549,923",8.08
Fairy Tail: 100-nen Quest,TV (? eps),Jul 2024 -,"121,343",8.08
Fumetsu no Anata e Season 2,TV (20 eps),Oct 2022 - Mar 2023,"283,496",8.08
Ginga Eiyuu Densetsu: Arata naru Tatakai no Overture,Movie (1 eps),Dec 1993 - Dec 1993,"35,451",8.08
Gintama: Nanigoto mo Saisho ga Kanjin nanode Tashou Senobisuru Kurai ga Choudoyoi,Special (1 eps),Sep 2005 - Sep 2005,"57,087",8.08
Hidamari Sketch: Sae Hiro Sotsugyou-hen,OVA (2 eps),Nov 2013 - Nov 2013,"14,645",8.08
City Hunter 2,TV (63 eps),Apr 1988 - Jul 1989,"27,800",8.07
Girls &amp; Panzer: Saishuushou Part 2,Movie (1 eps),Jun 2019 - Jun 2019,"38,211",8.07
Haikyuu!! Movie 2: Shousha to Haisha,Movie (1 eps),Sep 2015 - Sep 2015,"97,681",8.07
Hikaru no Go,TV (75 eps),Oct 2001 - Mar 2003,"140,402",8.07
Honzuki no Gekokujou: Shisho ni Naru Tame ni wa Shudan wo Erandeiraremasen 3rd Season,TV (10 eps),Apr 2022 - Jun 2022,"160,626",8.07
Shokugeki no Souma: Ni no Sara,TV (13 eps),Jul 2016 - Sep 2016,"1,147,231",8.07
Skip Beat!,TV (25 eps),Oct 2008 - Mar 2009,"272,574",8.07
Spy x Family Season 2,TV (12 eps),Oct 2023 - Dec 2023,"504,036",8.07
Yuanshen: Jinzhong Ge,ONA (1 eps),Apr 2024 - Apr 2024,"3,969",8.07
Yuusha-Ou GaoGaiGar Final,OVA (8 eps),Jan 2000 - Mar 2003,"10,955",8.07
JoJo no Kimyou na Bouken Part 6: Stone Ocean Part 2,ONA (12 eps),Sep 2022 - Sep 2022,"268,918",8.07
Kanata no Astra,TV (12 eps),Jul 2019 - Sep 2019,"311,095",8.07
Kidou Senshi Gundam 00 Second Season,TV (25 eps),Oct 2008 - Mar 2009,"153,226",8.07
Kimi wa Houkago Insomnia,TV (13 eps),Apr 2023 - Jul 2023,"217,633",8.07
Koukaku Kidoutai: Stand Alone Complex - The Laughing Man,OVA (1 eps),Sep 2005 - Sep 2005,"41,194",8.07
"Shangri-La Frontier: Kusoge Hunter, Kamige ni Idoman to su",TV (25 eps),Oct 2023 - Mar 2024,"286,156",8.07
Kamisama Hajimemashita OVA,OVA (2 eps),Aug 2013 - Aug 2013,"135,183",8.06
Kuroshitsuji: Book of Circus,TV (10 eps),Jul 2014 - Sep 2014,"413,254",8.06
Kyou kara Ore wa!!,OVA (10 eps),Apr 1993 - Dec 1997,"35,447",8.06
Mahoutsukai no Yome,TV (24 eps),Oct 2017 - Mar 2018,"942,037",8.06
Meitantei Conan Movie 08: Ginyoku no Magician,Movie (1 eps),Apr 2004 - Apr 2004,"57,872",8.06
Meitantei Conan Movie 18: Ijigen no Sniper,Movie (1 eps),Apr 2014 - Apr 2014,"44,431",8.06
No Game No Life,TV (12 eps),Apr 2014 - Jun 2014,"2,418,656",8.06
One Piece Film: Strong World,Movie (1 eps),Dec 2009 - Dec 2009,"258,654",8.06
Sakura-sou no Pet na Kanojo,TV (24 eps),Oct 2012 - Mar 2013,"1,257,470",8.06
Ginga Eiyuu Densetsu Gaiden (1999),OVA (28 eps),Dec 1999 - Jul 2000,"20,687",8.06
Ginga Eiyuu Densetsu: Die Neue These - Seiran 1,Movie (4 eps),Sep 2019 - Sep 2019,"30,217",8.06
Gintama: Dai Hanseikai,Special (1 eps),Mar 2010 - Mar 2010,"38,735",8.06
Hyouka,TV (22 eps),Apr 2012 - Sep 2012,"1,388,278",8.06
Toradora!,TV (25 eps),Oct 2008 - Mar 2009,"2,227,006",8.06
Uma Musume: Pretty Derby Season 2,TV (13 eps),Jan 2021 - Mar 2021,"53,304",8.06
Tunshi Xingkong,ONA (26 eps),Nov 2020 - May 2021,"8,268",8.05
World Trigger 2nd Season,TV (12 eps),Jan 2021 - Apr 2021,"154,342",8.05
Yowamushi Pedal: Grande Road,TV (24 eps),Oct 2014 - Mar 2015,"141,769",8.05
Kidou Senshi Gundam: Tekketsu no Orphans,TV (25 eps),Oct 2015 - Mar 2016,"247,668",8.05
Kodomo no Omocha (TV),TV (102 eps),Apr 1996 - Mar 1998,"70,434",8.05
Koukyoushihen Eureka Seven,TV (50 eps),Apr 2005 - Apr 2006,"439,054",8.05
Kuroko no Basket,TV (25 eps),Apr 2012 - Sep 2012,"1,219,811",8.05
Kuroshitsuji: Book of Murder,OVA (2 eps),Jan 2015 - Feb 2015,"253,208",8.05
Meitantei Conan Movie 25: Halloween no Hanayome,Movie (1 eps),Apr 2022 - Apr 2022,"16,214",8.05
Saint Seiya: Meiou Hades Juuni Kyuu-hen,OVA (13 eps),Nov 2002 - Jul 2003,"58,304",8.05
Angel Beats!,TV (13 eps),Apr 2010 - Jun 2010,"2,091,325",8.05
Darker than Black: Kuro no Keiyakusha,TV (25 eps),Apr 2007 - Sep 2007,"954,531",8.05
Dorohedoro,TV (12 eps),Jan 2020 - Mar 2020,"559,781",8.05
Douluo Dalu II: Jueshi Tangmen,ONA (104 eps),Jun 2023 -,"3,520",8.05
Durarara!!x2 Ketsu,TV (12 eps),Jan 2016 - Mar 2016,"382,675",8.05
5-toubun no Hanayome ∬,TV (12 eps),Jan 2021 - Mar 2021,"727,658",8.04
Fate/stay night: Unlimited Blade Works Prologue,TV Special (1 eps),Oct 2014 - Oct 2014,"324,548",8.04
Golden Boy,OVA (6 eps),Oct 1995 - Jun 1996,"407,458",8.04
Gosick,TV (24 eps),Jan 2011 - Jul 2011,"558,183",8.04
Haikyuu!! Movie 1: Owari to Hajimari,Movie (1 eps),Jul 2015 - Jul 2015,"106,259",8.04
Shijou Saikyou no Deshi Kenichi,TV (50 eps),Oct 2006 - Sep 2007,"305,965",8.04
Tsuki ga Kirei,TV (12 eps),Apr 2017 - Jun 2017,"550,712",8.04
Karakai Jouzu no Takagi-san 2,TV (12 eps),Jul 2019 - Sep 2019,"337,082",8.04
Omoide no Marnie,Movie (1 eps),Jul 2014 - Jul 2014,"305,617",8.04
Paprika,Movie (1 eps),Nov 2006 - Nov 2006,"552,980",8.04
Persona 3 the Movie 4: Winter of Rebirth,Movie (1 eps),Jan 2016 - Jan 2016,"76,420",8.04
Kill la Kill,TV (24 eps),Oct 2013 - Mar 2014,"1,740,126",8.03
Lovely★Complex,TV (24 eps),Apr 2007 - Sep 2007,"599,688",8.03
Mairimashita! Iruma-kun 2nd Season,TV (21 eps),Apr 2021 - Sep 2021,"326,555",8.03
Meitantei Conan Movie 03: Seikimatsu no Majutsushi,Movie (1 eps),Apr 1999 - Apr 1999,"67,404",8.03
Meitantei Conan Movie 04: Hitomi no Naka no Ansatsusha,Movie (1 eps),Apr 2000 - Apr 2000,"63,682",8.03
Meitantei Conan Movie 10: Tantei-tachi no Requiem,Movie (1 eps),Apr 2006 - Apr 2006,"57,299",8.03
Mignon,ONA (12 eps),Aug 2023 - Aug 2023,"24,028",8.03
Ookami to Koushinryou: Merchant Meets the Wise Wolf,TV (25 eps),Apr 2024 -,"182,344",8.03
Akatsuki no Yona,TV (24 eps),Oct 2014 - Mar 2015,"865,827",8.03
Azumanga Daiou The Animation,TV (26 eps),Apr 2002 - Oct 2002,"371,975",8.03
BanG Dream! Movie: Episode of Roselia - II: Song I Am.,Movie (1 eps),Jun 2021 - Jun 2021,"9,626",8.03
Black Lagoon,TV (12 eps),Apr 2006 - Jun 2006,"1,022,602",8.03
Dennou Coil,TV (26 eps),May 2007 - Dec 2007,"149,168",8.03
FLCL,OVA (6 eps),Apr 2000 - Mar 2001,"834,031",8.03
Glass no Kamen (2005),TV (51 eps),Apr 2005 - Mar 2006,"40,770",8.03
Tonikaku Kawaii: SNS,OVA (1 eps),Aug 2021 - Aug 2021,"158,985",8.03
xxxHOLiC Shunmuki,OVA (2 eps),Feb 2009 - Jun 2009,"71,686",8.03
Yuru Camp△ Season 3,TV (12 eps),Apr 2024 - Jun 2024,"79,174",8.03
Summer Wars,Movie (1 eps),Aug 2009 - Aug 2009,"524,578",8.02
Wan Sheng Jie 2,ONA (12 eps),Oct 2020 - Dec 2020,"13,093",8.02
Yahari Ore no Seishun Love Comedy wa Machigatteiru. Zoku OVA,OVA (1 eps),Oct 2016 - Oct 2016,"254,256",8.02
"Komi-san wa, Comyushou desu. 2nd Season",TV (12 eps),Apr 2022 - Jun 2022,"491,641",8.02
Kono Subarashii Sekai ni Shukufuku wo! 2: Kono Subarashii Geijutsu ni Shukufuku wo!,OVA (1 eps),Jul 2017 - Jul 2017,"378,785",8.02
Black Lagoon: Roberta&#039;s Blood Trail,OVA (5 eps),Jun 2010 - Jun 2011,"304,450",8.02
Full Metal Panic? Fumoffu,TV (12 eps),Aug 2003 - Nov 2003,"299,102",8.02
Ginga Nagareboshi Gin,TV (21 eps),Apr 1986 - Aug 1986,"27,894",8.02
Baby Steps 2nd Season,TV (25 eps),Apr 2015 - Sep 2015,"91,757",8.01
BanG Dream! 3rd Season,TV (13 eps),Jan 2020 - Apr 2020,"38,048",8.01
Black Clover: Mahou Tei no Ken,Movie (1 eps),Jun 2023 - Jun 2023,"224,693",8.01
Boku no Hero Academia 3rd Season,TV (25 eps),Apr 2018 - Sep 2018,"2,213,277",8.01
D.Gray-man,TV (103 eps),Oct 2006 - Sep 2008,"697,969",8.01
Hibike! Euphonium,TV (13 eps),Apr 2015 - Jul 2015,"471,296",8.01
SK∞,TV (12 eps),Jan 2021 - Apr 2021,"568,926",8.01
Slayers Next,TV (26 eps),Apr 1996 - Sep 1996,"71,747",8.01
Toaru Kagaku no Railgun S,TV (24 eps),Apr 2013 - Sep 2013,"392,770",8.01
Wan Sheng Jie 3,ONA (12 eps),Jan 2022 - Apr 2022,"8,542",8.01
Juuni Kokuki,TV (45 eps),Apr 2002 - Aug 2003,"155,462",8.01
Kara no Kyoukai Movie 3: Tsuukaku Zanryuu,Movie (1 eps),Feb 2008 - Feb 2008,"231,281",8.01
Kimi ni Todoke,TV (25 eps),Oct 2009 - Mar 2010,"967,211",8.01
Magi: The Labyrinth of Magic,TV (25 eps),Oct 2012 - Mar 2013,"1,054,966",8.01
Omae Umasou da na,Movie (1 eps),Oct 2010 - Oct 2010,"20,734",8.01
Pui Pui Molcar,TV (12 eps),Jan 2021 - Mar 2021,"17,194",8.01
Saiunkoku Monogatari 2nd Season,TV (39 eps),Apr 2007 - Mar 2008,"42,021",8.01
Shadows House 2nd Season,TV (12 eps),Jul 2022 - Sep 2022,"122,885",8.01
Kaichou wa Maid-sama!,TV (26 eps),Apr 2010 - Sep 2010,"1,262,501",8.00
Kidou Senshi Gundam: Dai 08 MS Shoutai,OVA (12 eps),Jan 1996 - Jul 1999,"85,790",8.00
Meitantei Conan Movie 15: Chinmoku no Quarter,Movie (1 eps),Apr 2011 - Apr 2011,"49,651",8.00
Naruto,TV (220 eps),Oct 2002 - Feb 2007,"2,886,888",8.00
Evangelion Movie 1: Jo,Movie (1 eps),Sep 2007 - Sep 2007,"572,487",8.00
Fullmetal Alchemist: Brotherhood Specials,Special (4 eps),Aug 2009 - Aug 2010,"160,687",8.00
Tokyo Magnitude 8.0,TV (11 eps),Jul 2009 - Sep 2009,"300,196",8.00
Tsumiki no Ie,Movie (1 eps),Jun 2008 - Jun 2008,"97,592",8.00
Yahari Ore no Seishun Love Comedy wa Machigatteiru.,TV (13 eps),Apr 2013 - Jun 2013,"1,451,279",8.00
Zombieland Saga Revenge,TV (12 eps),Apr 2021 - Jun 2021,"219,448",8.00
Shokugeki no Souma: San no Sara,TV (12 eps),Oct 2017 - Dec 2017,"984,528",7.99
Wolf&#039;s Rain OVA,OVA (4 eps),Jan 2004 - Feb 2004,"69,533",7.99
Yuuki Yuuna wa Yuusha de Aru: Washio Sumi no Shou 3 - Yakusoku,Movie (1 eps),Jul 2017 - Jul 2017,"15,271",7.99
Kami nomi zo Shiru Sekai: Megami-hen,TV (12 eps),Jul 2013 - Sep 2013,"349,919",7.99
Kara no Kyoukai Movie: Mirai Fukuin,Movie (1 eps),Sep 2013 - Sep 2013,"117,823",7.99
Kidou Keisatsu Patlabor 2 the Movie,Movie (1 eps),Aug 1993 - Aug 1993,"39,244",7.99
Kimi ni Todoke 2nd Season,TV (12 eps),Jan 2011 - Mar 2011,"496,097",7.99
Romantic Killer,ONA (12 eps),Oct 2022 - Oct 2022,"224,349",7.99
Aria the OVA: Arietta,OVA (1 eps),Sep 2007 - Sep 2007,"38,761",7.99
Clannad,TV (23 eps),Oct 2007 - Mar 2008,"1,426,183",7.99
ef: A Tale of Melodies.,TV (12 eps),Oct 2008 - Dec 2008,"165,926",7.99
Eve no Jikan,ONA (6 eps),Aug 2008 - Sep 2009,"187,226",7.99
Hachimitsu to Clover,TV (24 eps),Apr 2005 - Sep 2005,"270,807",7.99
5-toubun no Hanayome∽,TV Special (2 eps),Sep 2023 - Sep 2023,"72,818",7.98
Bungou Stray Dogs Wan!,TV (12 eps),Jan 2021 - Mar 2021,"120,781",7.98
Hanada Shounen-shi,TV (25 eps),Oct 2002 - Mar 2003,"16,398",7.98
Hanma Baki: Son of Ogre 2nd Season,ONA (27 eps),Jul 2023 - Aug 2023,"86,894",7.98
Honzuki no Gekokujou: Shisho ni Naru Tame ni wa Shudan wo Erandeiraremasen,TV (14 eps),Oct 2019 - Dec 2019,"316,567",7.98
Touch,TV (101 eps),Mar 1985 - Mar 1987,"36,586",7.98
xxxHOLiC,TV (24 eps),Apr 2006 - Sep 2006,"325,647",7.98
Yuri!!! on Ice: Yuri Plisetsky GPF in Barcelona EX - Welcome to The Madness,Special (1 eps),May 2017 - May 2017,"85,771",7.98
Kidou Senshi Gundam 0080: Pocket no Naka no Sensou,OVA (6 eps),Mar 1989 - Aug 1989,"62,404",7.98
Koukaku Kidoutai: Stand Alone Complex 2nd GIG - Individual Eleven,OVA (1 eps),Jan 2006 - Jan 2006,"30,041",7.98
Saint Seiya: The Lost Canvas - Meiou Shinwa,OVA (13 eps),Jun 2009 - Apr 2010,"109,707",7.98
School Rumble Ni Gakki,TV (26 eps),Apr 2006 - Sep 2006,"164,166",7.98
Kakushigoto,TV (12 eps),Apr 2020 - Jun 2020,"332,916",7.97
Koukaku Kidoutai 2.0,Movie (1 eps),Jul 2008 - Jul 2008,"89,428",7.97
Maoujou de Oyasumi,TV (12 eps),Oct 2020 - Dec 2020,"219,534",7.97
Akagami no Shirayuki-hime 2nd Season,TV (12 eps),Jan 2016 - Mar 2016,"364,758",7.97
Aria the Benedizione,Movie (1 eps),Dec 2021 - Dec 2021,"8,765",7.97
Code Geass: Hangyaku no Lelouch III - Oudou,Movie (1 eps),May 2018 - May 2018,"95,792",7.97
Dragon Ball,TV (153 eps),Feb 1986 - Apr 1989,"1,053,878",7.97
Durarara!!x2 Shou,TV (12 eps),Jan 2015 - Mar 2015,"488,476",7.97
Haibane Renmei,TV (13 eps),Oct 2002 - Dec 2002,"293,478",7.97
IDOLiSH7 Vibrato,ONA (8 eps),Feb 2018 - Mar 2019,"16,062",7.97
Wan Sheng Jie,ONA (12 eps),Apr 2020 - May 2020,"27,938",7.97
Youkoso Jitsuryoku Shijou Shugi no Kyoushitsu e 3rd Season,TV (13 eps),Jan 2024 - Mar 2024,"388,535",7.97
Sword Art Online: Progressive Movie - Hoshi Naki Yoru no Aria,Movie (1 eps),Oct 2021 - Oct 2021,"258,758",7.96
Tsue to Tsurugi no Wistoria,TV (? eps),Jul 2024 -,"114,505",7.96
Yofukashi no Uta,TV (13 eps),Jul 2022 - Sep 2022,"607,003",7.96
Youjo Senki,TV (12 eps),Jan 2017 - Mar 2017,"936,207",7.96
Niehime to Kemono no Ou,TV (24 eps),Apr 2023 - Sep 2023,"76,991",7.96
Ookiku Furikabutte: Natsu no Taikai-hen,TV (13 eps),Apr 2010 - Jun 2010,"45,435",7.96
ReLIFE,TV (13 eps),Jul 2016 - Sep 2016,"1,051,189",7.96
Rurouni Kenshin: Meiji Kenkaku Romantan - Seisou-hen,OVA (2 eps),Dec 2001 - Mar 2002,"85,384",7.96
Durarara!!x2 Ten,TV (12 eps),Jul 2015 - Sep 2015,"399,836",7.96
Eve no Jikan (Movie),Movie (1 eps),Mar 2010 - Mar 2010,"125,856",7.96
High Score Girl: Extra Stage,OVA (3 eps),Mar 2019 - Mar 2019,"75,852",7.96
Hokuto no Ken,TV (109 eps),Oct 1984 - Mar 1987,"133,409",7.96
Hyouge Mono,TV (39 eps),Apr 2011 - Jan 2012,"29,185",7.96
Aria the Origination: Sono Choppiri Himitsu no Basho ni...,Special (1 eps),Jun 2008 - Jun 2008,"22,021",7.95
Atarashii Joushi wa Do Tennen,TV (12 eps),Oct 2023 - Dec 2023,"55,935",7.95
Bishoujo Senshi Sailor Moon: Sailor Stars,TV (34 eps),Mar 1996 - Feb 1997,"115,295",7.95
Bleach,TV (366 eps),Oct 2004 - Mar 2012,"1,995,662",7.95
Boku no Hero Academia the Movie 2: Heroes:Rising,Movie (1 eps),Dec 2019 - Dec 2019,"580,270",7.95
Girls &amp; Panzer: Saishuushou Part 1,Movie (1 eps),Dec 2017 - Dec 2017,"50,572",7.95
High Score Girl II,TV (9 eps),Oct 2019 - Dec 2019,"139,756",7.95
Tate no Yuusha no Nariagari,TV (25 eps),Jan 2019 - Jun 2019,"1,613,468",7.95
Tennis no Oujisama: Zenkoku Taikai-hen - Final,OVA (7 eps),Apr 2008 - Jan 2009,"36,909",7.95
Working!!!,TV (13 eps),Jul 2015 - Sep 2015,"251,109",7.95
Kurenai no Buta,Movie (1 eps),Jul 1992 - Jul 1992,"257,020",7.95
Mahou Shoujo Lyrical Nanoha A&#039;s,TV (13 eps),Oct 2005 - Dec 2005,"66,183",7.95
Major Movie: Yuujou no Winning Shot,Movie (1 eps),Dec 2008 - Dec 2008,"21,104",7.95
Nagi no Asu kara,TV (26 eps),Oct 2013 - Apr 2014,"607,431",7.95
Nige Jouzu no Wakagimi,TV (12 eps),Jul 2024 -,"77,931",7.95
Kanon (2006),TV (24 eps),Oct 2006 - Mar 2007,"274,259",7.94
Kidou Senshi Gundam Thunderbolt,ONA (4 eps),Dec 2015 - Apr 2016,"57,957",7.94
Kidou Senshi Gundam Thunderbolt: December Sky,Movie (1 eps),Jun 2016 - Jun 2016,"24,933",7.94
Kobato.,TV (24 eps),Oct 2009 - Mar 2010,"168,923",7.94
Macross F Movie 2: Sayonara no Tsubasa,Movie (1 eps),Feb 2011 - Feb 2011,"28,094",7.94
Non Non Biyori,TV (12 eps),Oct 2013 - Dec 2013,"431,300",7.94
Noragami,TV (12 eps),Jan 2014 - Mar 2014,"2,184,083",7.94
Sakasama no Patema,Movie (1 eps),Nov 2013 - Nov 2013,"293,952",7.94
Fate/Grand Order: Zettai Majuu Sensen Babylonia,TV (21 eps),Oct 2019 - Mar 2020,"286,190",7.94
Gake no Ue no Ponyo,Movie (1 eps),Jul 2008 - Jul 2008,"592,909",7.94
Hikaru no Go: Hokuto Hai e no Michi,Special (1 eps),Jan 2004 - Jan 2004,"24,270",7.94
Shokugeki no Souma: San no Sara - Tootsuki Ressha-hen,TV (12 eps),Apr 2018 - Jun 2018,"729,552",7.94
Tekkon Kinkreet,Movie (1 eps),Dec 2006 - Dec 2006,"113,792",7.94
Vampire Hunter D (2000),Movie (1 eps),Aug 2000 - Aug 2000,"203,204",7.94
Wotaku ni Koi wa Muzukashii OVA,OVA (3 eps),Mar 2019 - Oct 2021,"211,925",7.94
Xian Ni,ONA (76 eps),Sep 2023 -,"2,421",7.94
Yi Nian Yong Heng,ONA (52 eps),Aug 2020 - Jul 2021,"17,605",7.94
Wotaku ni Koi wa Muzukashii,TV (11 eps),Apr 2018 - Jun 2018,"1,002,947",7.93
xxxHOLiC Movie: Manatsu no Yoru no Yume,Movie (1 eps),Aug 2005 - Aug 2005,"67,401",7.93
Yowamushi Pedal,TV (38 eps),Oct 2013 - Jul 2014,"235,303",7.93
Kindaichi Shounen no Jikenbo,TV (148 eps),Apr 1997 - Sep 2000,"32,051",7.93
Kobayashi-san Chi no Maid Dragon,TV (13 eps),Jan 2017 - Apr 2017,"1,247,365",7.93
Kono Oto Tomare!,TV (13 eps),Apr 2019 - Jun 2019,"313,161",7.93
Love Live! Superstar!!,TV (12 eps),Jul 2021 - Oct 2021,"70,687",7.93
Macross: Do You Remember Love?,Movie (1 eps),Jul 1984 - Jul 1984,"49,015",7.93
Mawaru Penguindrum,TV (24 eps),Jul 2011 - Dec 2011,"303,051",7.93
NieR:Automata Ver1.1a Part 2,TV (12 eps),Jul 2024 -,"64,479",7.93
Nurarihyon no Mago: Sennen Makyou,TV (24 eps),Jul 2011 - Dec 2011,"164,895",7.93
One Piece Film: Strong World Episode 0,OVA (1 eps),Apr 2010 - Apr 2010,"86,840",7.93
Osomatsu-san,TV (25 eps),Oct 2015 - Mar 2016,"173,997",7.93
Phantom: Requiem for the Phantom,TV (26 eps),Apr 2009 - Sep 2009,"338,080",7.93
Quanzhi Gaoshou 2,ONA (12 eps),Sep 2020 - Dec 2020,"120,217",7.93
"Clannad: Mou Hitotsu no Sekai, Tomoyo-hen",Special (1 eps),Jul 2008 - Jul 2008,"307,461",7.93
Full Moon wo Sagashite,TV (52 eps),Apr 2002 - Mar 2003,"111,109",7.93
Hidamari Sketch x Honeycomb,TV (12 eps),Oct 2012 - Dec 2012,"24,488",7.93
Bungou Stray Dogs: Dead Apple,Movie (1 eps),Mar 2018 - Mar 2018,"286,579",7.92
Douluo Dalu,ONA (26 eps),Jan 2018 - Jul 2018,"29,513",7.92
Fate/kaleid liner Prisma☆Illya Movie: Sekka no Chikai,Movie (1 eps),Aug 2017 - Aug 2017,"98,208",7.92
Full Metal Panic! The Second Raid,TV (13 eps),Jul 2005 - Oct 2005,"263,005",7.92
Gochuumon wa Usagi desu ka? Bloom,TV (12 eps),Oct 2020 - Dec 2020,"65,662",7.92
Hanamonogatari,TV Special (5 eps),Aug 2014 - Aug 2014,"431,806",7.92
Touhai Densetsu Akagi: Yami ni Maiorita Tensai,TV (26 eps),Oct 2005 - Mar 2006,"105,655",7.92
Usagi Drop Specials,Special (4 eps),Oct 2011 - Jan 2012,"71,353",7.92
Kidou Senshi Gundam: Suisei no Majo Season 2,TV (12 eps),Apr 2023 - Jul 2023,"91,258",7.92
Kimi to Boku. 2,TV (13 eps),Apr 2012 - Jun 2012,"89,509",7.92
Kokoro Connect: Michi Random,Special (4 eps),Nov 2012 - Dec 2012,"261,928",7.92
Nekomonogatari: Kuro,TV Special (4 eps),Dec 2012 - Dec 2012,"559,375",7.92
Overlord III,TV (13 eps),Jul 2018 - Oct 2018,"922,782",7.92
Log Horizon,TV (25 eps),Oct 2013 - Mar 2014,"1,126,287",7.91
Love Live! The School Idol Movie,Movie (1 eps),Jun 2015 - Jun 2015,"132,230",7.91
Overlord,TV (13 eps),Jul 2015 - Sep 2015,"1,616,408",7.91
Plastic Memories,TV (13 eps),Apr 2015 - Jun 2015,"956,396",7.91
Promare,Movie (1 eps),May 2019 - May 2019,"283,973",7.91
Benghuai: Xing Qiong Tiedao - Gelamo de Yujin,ONA (1 eps),Jun 2024 - Jun 2024,"1,093",7.91
Cike Wu Liuqi,ONA (10 eps),Apr 2018 - Jun 2018,"108,055",7.91
City Hunter,TV (51 eps),Apr 1987 - Mar 1988,"82,737",7.91
Darker than Black: Kuro no Keiyakusha Gaiden,Special (4 eps),Jan 2010 - Jul 2010,"259,331",7.91
Eyeshield 21,TV (145 eps),Apr 2005 - Mar 2008,"185,466",7.91
Initial D Third Stage,Movie (1 eps),Jan 2001 - Jan 2001,"185,826",7.91
Shingeki no Kyojin Movie 2: Jiyuu no Tsubasa,Movie (1 eps),Jun 2015 - Jun 2015,"135,653",7.91
Takarajima,TV (26 eps),Oct 1978 - Apr 1979,"21,321",7.91
Tamako Love Story,Movie (1 eps),Apr 2014 - Apr 2014,"394,370",7.91
Tokyo Revengers,TV (24 eps),Apr 2021 - Sep 2021,"1,274,467",7.91
Trigun: Badlands Rumble,Movie (1 eps),Apr 2010 - Apr 2010,"144,834",7.91
Yakitate!! Japan,TV (69 eps),Oct 2004 - Mar 2006,"99,382",7.91
Yuru Yuri San☆Hai!,TV (12 eps),Oct 2015 - Dec 2015,"126,381",7.91
SKET Dance: Imouto no Nayami ni Nayamu Ani ni Nayamu Imouto to Sono Nakama-tachi,OVA (1 eps),Feb 2013 - Feb 2013,"21,897",7.90
Vanitas no Karte,TV (12 eps),Jul 2021 - Sep 2021,"546,239",7.90
Yuanshen: Weixing zhi Lu,ONA (1 eps),May 2024 - May 2024,"2,163",7.90
Yuri!!! on Ice,TV (12 eps),Oct 2016 - Dec 2016,"897,282",7.90
Zetsuen no Tempest,TV (24 eps),Oct 2012 - Mar 2013,"602,519",7.90
Kaleido Star,TV (51 eps),Apr 2003 - Mar 2004,"86,986",7.90
Kingdom,TV (38 eps),Jun 2012 - Feb 2013,"225,047",7.90
Kuuchuu Buranko,TV (11 eps),Oct 2009 - Dec 2009,"95,536",7.90
Les Misérables: Shoujo Cosette,TV (52 eps),Jan 2007 - Dec 2007,"30,520",7.90
Meitantei Conan OVA 09: 10-nengo no Stranger,OVA (1 eps),Jun 2009 - Jun 2009,"21,379",7.90
"Natsu e no Tunnel, Sayonara no Deguchi",Movie (1 eps),Sep 2022 - Sep 2022,"161,550",7.90
Ore Monogatari!!,TV (24 eps),Apr 2015 - Sep 2015,"684,152",7.90
BanG Dream! Movie: Poppin&#039; Dream!,Movie (1 eps),Jan 2022 - Jan 2022,"9,997",7.90
Bishoujo Senshi Sailor Moon S,TV (38 eps),Mar 1994 - Feb 1995,"149,537",7.90
Code Geass: Fukkatsu no Lelouch,Movie (1 eps),Feb 2019 - Feb 2019,"319,991",7.90
Date A Live II: Kurumi Star Festival,OVA (1 eps),Dec 2014 - Dec 2014,"188,979",7.90
Densetsu Kyojin Ideon: Hatsudou-hen,Movie (1 eps),Jul 1982 - Jul 1982,"10,821",7.90
Ergo Proxy,TV (23 eps),Feb 2006 - Aug 2006,"658,605",7.90
Gakuen Babysitters,TV (12 eps),Jan 2018 - Mar 2018,"346,593",7.90
Hanasaku Iroha,TV (26 eps),Apr 2011 - Sep 2011,"333,874",7.90
Hidamari Sketch x ☆☆☆,TV (12 eps),Jan 2010 - Mar 2010,"28,627",7.90
Berserk: Ougon Jidai-hen - Memorial Edition,TV (13 eps),Oct 2022 - Dec 2022,"42,750",7.89
Boku no Hero Academia 7th Season,TV (21 eps),May 2024 -,"275,647",7.89
Drifters,TV (12 eps),Oct 2016 - Dec 2016,"575,752",7.89
Final Fantasy VII: Advent Children Complete,OVA (1 eps),Apr 2009 - Apr 2009,"133,627",7.89
Ie Naki Ko Remy,TV (23 eps),Sep 1996 - Mar 1997,"21,446",7.89
Shingeki no Kyojin Season 2 Movie: Kakusei no Houkou,Movie (1 eps),Jan 2018 - Jan 2018,"73,584",7.89
Shirokuma Cafe,TV (50 eps),Apr 2012 - Mar 2013,"96,109",7.89
Summer Ghost,Movie (1 eps),Nov 2021 - Nov 2021,"114,036",7.89
Ushio to Tora (TV) 2nd Season,TV (13 eps),Apr 2016 - Jun 2016,"133,967",7.89
Yagate Kimi ni Naru,TV (13 eps),Oct 2018 - Dec 2018,"347,705",7.89
Yuzuki-san Chi no Yonkyoudai.,TV (12 eps),Oct 2023 - Dec 2023,"57,114",7.89
Zoku Sayonara Zetsubou Sensei,TV (13 eps),Jan 2008 - Mar 2008,"133,935",7.89
Jormungand: Perfect Order,TV (12 eps),Oct 2012 - Dec 2012,"195,286",7.89
Karigurashi no Arrietty,Movie (1 eps),Jul 2010 - Jul 2010,"359,066",7.89
Kuroshitsuji: Kishuku Gakkou-hen,TV (11 eps),Apr 2024 - Jun 2024,"76,217",7.89
Lupin III (2015),TV (24 eps),Oct 2015 - Mar 2016,"72,309",7.89
Macross,TV (36 eps),Oct 1982 - Jun 1983,"112,411",7.89
Mahoutsukai no Yome Season 2 Part 2,TV (12 eps),Oct 2023 - Dec 2023,"94,314",7.89
Sakigake!! Cromartie Koukou,TV (26 eps),Oct 2003 - Mar 2004,"141,198",7.89
School Rumble,TV (26 eps),Oct 2004 - Mar 2005,"330,615",7.89
JoJo no Kimyou na Bouken (TV),TV (26 eps),Oct 2012 - Apr 2013,"1,687,831",7.88
Kidou Senshi Zeta Gundam,TV (50 eps),Mar 1985 - Feb 1986,"77,258",7.88
Macross F,TV (25 eps),Apr 2008 - Sep 2008,"148,327",7.88
Megalo Box,TV (13 eps),Apr 2018 - Jun 2018,"514,401",7.88
Meitantei Conan Movie 02: 14-banme no Target,Movie (1 eps),Apr 1998 - Apr 1998,"65,225",7.88
One Piece Film: Gold,Movie (1 eps),Jul 2016 - Jul 2016,"224,742",7.88
Saiunkoku Monogatari,TV (39 eps),Apr 2006 - Feb 2007,"98,387",7.88
Aishang Ta de Liyou Extra,ONA (1 eps),Feb 2024 - Feb 2024,"4,119",7.88
Aria the Avvenire,Special (3 eps),Sep 2015 - Sep 2015,"28,511",7.88
BanG Dream! Film Live 2nd Stage,Movie (1 eps),Aug 2021 - Aug 2021,"7,872",7.88
Code Geass: Hangyaku no Lelouch I - Koudou,Movie (1 eps),Oct 2017 - Oct 2017,"104,141",7.88
Crayon Shin-chan Movie 09: Arashi wo Yobu Mouretsu! Otona Teikoku no Gyakushuu,Movie (1 eps),Apr 2001 - Apr 2001,"10,966",7.88
Death Billiards,Movie (1 eps),Mar 2013 - Mar 2013,"241,774",7.88
Free! Eternal Summer: Kindan no All Hard!,Special (1 eps),Mar 2015 - Mar 2015,"94,795",7.88
Ginga Sengoku Gunyuuden Rai,TV (52 eps),Apr 1994 - Mar 1995,"16,341",7.88
Golden Kamuy,TV (12 eps),Apr 2018 - Jun 2018,"399,520",7.88
Higurashi no Naku Koro ni,TV (26 eps),Apr 2006 - Sep 2006,"812,790",7.88
Hoozuki no Reitetsu 2nd Season,TV (13 eps),Oct 2017 - Dec 2017,"48,042",7.88
Jigoku Shoujo Futakomori,TV (26 eps),Oct 2006 - Apr 2007,"163,507",7.88
Shijou Saikyou no Deshi Kenichi OVA,OVA (11 eps),Mar 2012 - May 2014,"58,192",7.88
Shingeki no Kyojin OVA,OVA (3 eps),Dec 2013 - Aug 2014,"471,686",7.88
Space☆Dandy,TV (13 eps),Jan 2014 - Mar 2014,"361,208",7.88
Tennis no Oujisama: Zenkoku Taikai-hen,OVA (13 eps),Mar 2006 - Mar 2007,"47,007",7.88
Tennis no Oujisama: Zenkoku Taikai-hen - Semifinal,OVA (6 eps),Jun 2007 - Jan 2008,"37,877",7.88
Undead Girl Murder Farce,TV (13 eps),Jul 2023 - Sep 2023,"149,836",7.88
Terra e... (TV),TV (24 eps),Apr 2007 - Sep 2007,"62,808",7.87
Wu Shan Wu Xing (2020),ONA (3 eps),Jul 2020 - Aug 2020,"62,160",7.87
Kami nomi zo Shiru Sekai II,TV (12 eps),Apr 2011 - Jun 2011,"393,698",7.87
Kidou Senshi Gundam: Suisei no Majo - Prologue,Special (1 eps),Jul 2022 - Jul 2022,"47,644",7.87
Kotonoha no Niwa,Movie (1 eps),May 2013 - May 2013,"874,315",7.87
New Initial D Movie: Legend 3 - Mugen,Movie (1 eps),Feb 2016 - Feb 2016,"28,889",7.87
Ookiku Furikabutte,TV (25 eps),Apr 2007 - Sep 2007,"101,664",7.87
Osomatsu-san Movie,Movie (1 eps),Mar 2019 - Mar 2019,"15,515",7.87
Quanzhi Gaoshou,ONA (12 eps),Apr 2017 - Jun 2017,"372,635",7.87
Berserk: Ougon Jidai-hen II - Doldrey Kouryaku,Movie (1 eps),Jun 2012 - Jun 2012,"217,134",7.87
Boku no Hero Academia 4th Season,TV (25 eps),Oct 2019 - Apr 2020,"1,751,034",7.87
Carnival Phantasm,OVA (12 eps),Aug 2011 - Dec 2011,"199,523",7.87
ef: A Tale of Memories.,TV (12 eps),Oct 2007 - Dec 2007,"258,123",7.87
Fanren Xiu Xian Chuan 2nd Season,ONA (51 eps),Nov 2021 - Oct 2022,"3,066",7.87
Ginga Eiyuu Densetsu: Waga Yuku wa Hoshi no Taikai,Movie (1 eps),Feb 1988 - Feb 1988,"40,167",7.87
Aishang Ta de Liyou,ONA (22 eps),Apr 2023 - Jun 2023,"31,327",7.86
Boku no Hero Academia,TV (13 eps),Apr 2016 - Jun 2016,"3,060,854",7.86
Cool Doji Danshi,TV (24 eps),Oct 2022 - Mar 2023,"94,823",7.86
High☆Speed! Movie: Free! Starting Days,Movie (1 eps),Dec 2015 - Dec 2015,"94,301",7.86
Ie Naki Ko,TV (51 eps),Oct 1977 - Oct 1978,"16,651",7.86
InuYasha,TV (167 eps),Oct 2000 - Sep 2004,"807,180",7.86
Tonikaku Kawaii,TV (12 eps),Oct 2020 - Dec 2020,"756,055",7.86
Urusei Yatsura (2022) 2nd Season,TV (23 eps),Jan 2024 - Jun 2024,"44,410",7.86
Zan Sayonara Zetsubou Sensei,TV (13 eps),Jul 2009 - Sep 2009,"108,819",7.86
K-On!,TV (13 eps),Apr 2009 - Jun 2009,"1,063,177",7.86
Kidou Senshi Gundam: Suisei no Majo,TV (12 eps),Oct 2022 - Jan 2023,"159,401",7.86
"Komi-san wa, Comyushou desu.",TV (12 eps),Oct 2021 - Dec 2021,"902,793",7.86
Lupin the IIIrd: Chikemuri no Ishikawa Goemon,Movie (1 eps),Feb 2017 - Feb 2017,"41,281",7.86
Magic Kaito 1412,TV (24 eps),Oct 2014 - Mar 2015,"126,884",7.86
Mahou Shoujo Lyrical Nanoha: The Movie 1st,Movie (1 eps),Jan 2010 - Jan 2010,"31,911",7.86
Meitantei Conan Movie 01: Tokei Jikake no Matenrou,Movie (1 eps),Apr 1997 - Apr 1997,"73,479",7.86
Meitantei Conan Movie 23: Konjou no Fist,Movie (1 eps),Apr 2019 - Apr 2019,"30,442",7.86
Non Non Biyori Repeat: Hotaru ga Tanoshinda,OVA (1 eps),Sep 2016 - Sep 2016,"50,537",7.86
One Piece: Episode of East Blue - Luffy to 4-nin no Nakama no Daibouken,TV Special (1 eps),Aug 2017 - Aug 2017,"42,869",7.86
Ookami to Koushinryou II: Ookami to Kohakuiro no Yuuutsu,OVA (1 eps),Apr 2009 - Apr 2009,"173,597",7.86
Paradise Kiss,TV (12 eps),Oct 2005 - Dec 2005,"232,532",7.86
K-On!!: Keikaku!,Special (1 eps),Mar 2011 - Mar 2011,"127,851",7.85
Lupin III vs. Meitantei Conan: The Movie,Movie (1 eps),Dec 2013 - Dec 2013,"33,429",7.85
Machikado Mazoku: 2-choume,TV (12 eps),Apr 2022 - Jul 2022,"69,308",7.85
Meitantei Conan Movie 22: Zero no Shikkounin,Movie (1 eps),Apr 2018 - Apr 2018,"31,892",7.85
Noragami Aragoto OVA,OVA (2 eps),Nov 2015 - Mar 2016,"261,751",7.85
One Piece 3D2Y: Ace no shi wo Koete! Luffy Nakama Tono Chikai,TV Special (1 eps),Aug 2014 - Aug 2014,"95,181",7.85
Sayonara Zetsubou Sensei,TV (12 eps),Jul 2007 - Sep 2007,"348,681",7.85
Seitokai Yakuindomo* OVA,OVA (10 eps),May 2014 - Sep 2020,"80,812",7.85
Sekaiichi Hatsukoi OVA,OVA (2 eps),Mar 2011 - Sep 2011,"71,914",7.85
Beelzebub,TV (60 eps),Jan 2011 - Mar 2012,"601,999",7.85
Carole &amp; Tuesday,TV (24 eps),Apr 2019 - Oct 2019,"331,939",7.85
Doupo Cangqiong 3rd Season,ONA (12 eps),Jul 2019 - Sep 2019,"9,026",7.85
Heartcatch Precure!,TV (49 eps),Feb 2010 - Jan 2011,"33,572",7.85
Hoozuki no Reitetsu 2nd Season: Sono Ni,TV (13 eps),Apr 2018 - Jul 2018,"29,775",7.85
Soul Eater,TV (51 eps),Apr 2008 - Mar 2009,"1,644,731",7.85
Tennis no Oujisama,TV (178 eps),Oct 2001 - Mar 2005,"186,571",7.85
Tensei shitara Slime Datta Ken 3rd Season,TV (24 eps),Apr 2024 -,"315,031",7.85
Top wo Nerae! Gunbuster,OVA (6 eps),Oct 1988 - Jul 1989,"131,748",7.85
Wu Dong Qian Kun 3rd Season,ONA (12 eps),May 2022 - Jul 2022,"4,054",7.85
Youkoso Jitsuryoku Shijou Shugi no Kyoushitsu e,TV (12 eps),Jul 2017 - Sep 2017,"1,299,527",7.85
Yuru Yuri Nachuyachumi!,OVA (1 eps),Feb 2015 - Feb 2015,"74,658",7.85
Tiger &amp; Bunny,TV (25 eps),Apr 2011 - Sep 2011,"229,237",7.84
Tokyo Revengers: Tenjiku-hen,TV (13 eps),Oct 2023 - Dec 2023,"195,994",7.84
Tteotda Keunyeo!!,ONA (5 eps),Apr 2003 - Dec 2008,"25,057",7.84
Umibe no Étranger,Movie (1 eps),Sep 2020 - Sep 2020,"180,159",7.84
Urusei Yatsura 2: Beautiful Dreamer,Movie (1 eps),Feb 1984 - Feb 1984,"21,330",7.84
Yume-iro Pâtissière,TV (50 eps),Oct 2009 - Sep 2010,"84,308",7.84
K-On!: Live House!,Special (1 eps),Jan 2010 - Jan 2010,"163,120",7.84
Kaleido Star: Legend of Phoenix - Layla Hamilton Monogatari,OVA (1 eps),Dec 2005 - Dec 2005,"14,783",7.84
Magi: Sinbad no Bouken (TV),TV (13 eps),Apr 2016 - Jul 2016,"486,146",7.84
Musekinin Kanchou Tylor,TV (26 eps),Jan 1993 - Jul 1993,"50,871",7.84
Oniisama e...,TV (39 eps),Jul 1991 - May 1992,"49,117",7.84
Sekaiichi Hatsukoi Movie: Yokozawa Takafumi no Baai,Movie (1 eps),Mar 2014 - Mar 2014,"68,044",7.84
5-toubun no Hanayome Movie,Movie (1 eps),May 2022 - May 2022,"251,871",7.84
Ano Hi Mita Hana no Namae wo Bokutachi wa Mada Shiranai. Movie,Movie (1 eps),Aug 2013 - Aug 2013,"298,030",7.84
Dark Gathering,TV (25 eps),Jul 2023 - Dec 2023,"140,379",7.84
Doraemon (1979),TV (1787 eps),Apr 1979 - Mar 2005,"64,859",7.84
Durarara!! Specials,Special (2 eps),Aug 2010 - Feb 2011,"169,163",7.84
Fanren Xiu Xian Chuan 3rd Season,ONA (48 eps),Nov 2023 -,"1,292",7.84
Hanasaku Iroha Movie: Home Sweet Home,Movie (1 eps),Mar 2013 - Mar 2013,"92,645",7.84
Hibike! Euphonium Movie 2: Todoketai Melody,Movie (1 eps),Sep 2017 - Sep 2017,"32,374",7.84
Hoozuki no Reitetsu OVA,OVA (4 eps),Feb 2015 - Mar 2017,"17,621",7.84
91 Days,TV (12 eps),Jul 2016 - Oct 2016,"733,590",7.83
Dance Dance Danseur,TV (11 eps),Apr 2022 - Jun 2022,"85,306",7.83
Haikyuu!! Riku vs. Kuu,OVA (2 eps),Jan 2020 - Jan 2020,"310,244",7.83
Hug tto! Precure,TV (49 eps),Feb 2018 - Jan 2019,"17,733",7.83
Jibaku Shounen Hanako-kun,TV (12 eps),Jan 2020 - Mar 2020,"603,152",7.83
Tentai Senshi Sunred 2nd Season,TV (26 eps),Oct 2009 - Mar 2010,"8,157",7.83
Trigun Stampede,TV (12 eps),Jan 2023 - Mar 2023,"190,319",7.83
Tsuki ga Michibiku Isekai Douchuu 2nd Season,TV (25 eps),Jan 2024 - Jun 2024,"238,634",7.83
Uchouten Kazoku,TV (13 eps),Jul 2013 - Sep 2013,"169,403",7.83
Uma Musume: Pretty Derby - Road to the Top,ONA (4 eps),Apr 2023 - May 2023,"13,120",7.83
Yoru no Kurage wa Oyogenai,TV (12 eps),Apr 2024 - Jun 2024,"99,183",7.83
Kizumonogatari: Koyomi Vamp,Movie (1 eps),Jan 2024 - Jan 2024,"16,521",7.83
Kono Subarashii Sekai ni Shukufuku wo!: Kono Subarashii Choker ni Shukufuku wo!,OVA (1 eps),Jun 2016 - Jun 2016,"413,928",7.83
Mashle: Shinkakusha Kouho Senbatsu Shiken-hen,TV (12 eps),Jan 2024 - Mar 2024,"349,688",7.83
Michiko to Hatchin,TV (22 eps),Oct 2008 - Mar 2009,"205,311",7.83
Seihou Bukyou Outlaw Star,TV (24 eps),Jan 1998 - Jun 1998,"158,903",7.83
Kara no Kyoukai Movie 4: Garan no Dou,Movie (1 eps),May 2008 - May 2008,"217,667",7.82
Kidou Senshi Gundam: Senkou no Hathaway,Movie (1 eps),Jun 2021 - Jun 2021,"40,134",7.82
Kuroko no Basket Movie 3: Winter Cup - Tobira no Mukou,Movie (1 eps),Dec 2016 - Dec 2016,"43,588",7.82
Mairimashita! Iruma-kun 3rd Season,TV (21 eps),Oct 2022 - Mar 2023,"196,221",7.82
Mushoku Tensei: Isekai Ittara Honki Dasu - Eris no Goblin Toubatsu,Special (1 eps),Mar 2022 - Mar 2022,"182,626",7.82
One Piece Film: Red,Movie (1 eps),Aug 2022 - Aug 2022,"175,201",7.82
Otonari no Tenshi-sama ni Itsunomanika Dame Ningen ni Sareteita Ken,TV (12 eps),Jan 2023 - Mar 2023,"324,622",7.82
Owarimonogatari 2nd Season Recaps,TV Special (2 eps),Aug 2017 - Aug 2017,"26,520",7.82
Seitokai Yakuindomo Movie,Movie (1 eps),Jul 2017 - Jul 2017,"61,790",7.82
Sekaiichi Hatsukoi 2,TV (12 eps),Oct 2011 - Dec 2011,"158,731",7.82
Shanhe Jian Xin,ONA (16 eps),Feb 2021 - Mar 2021,"10,458",7.82
Akachan to Boku,TV (35 eps),Jul 1996 - Mar 1997,"23,734",7.82
Break Blade Movie 4: Sanka no Chi,Movie (1 eps),Oct 2010 - Oct 2010,"58,276",7.82
Danshi Koukousei no Nichijou Specials,Special (6 eps),Apr 2012 - Sep 2012,"139,020",7.82
Gekkan Shoujo Nozaki-kun,TV (12 eps),Jul 2014 - Sep 2014,"937,682",7.82
Grisaia no Meikyuu: Caprice no Mayu 0,TV Special (1 eps),Apr 2015 - Apr 2015,"233,698",7.82
Gungrave,TV (26 eps),Oct 2003 - Mar 2004,"192,937",7.82
Haikyuu!! (OVA),OVA (10 eps),Mar 2020 - Mar 2020,"32,917",7.82
Hidamari Sketch x 365,TV (13 eps),Jul 2008 - Sep 2008,"32,986",7.82
Id:Invaded,TV (13 eps),Jan 2020 - Mar 2020,"377,584",7.82
IDOLiSH7 Movie: LIVE 4bit - BEYOND THE PERiOD,Movie (2 eps),May 2023 - May 2023,"3,372",7.82
Shingeki no Kyojin: Lost Girls,OVA (3 eps),Dec 2017 - Aug 2018,"314,479",7.82
Somali to Mori no Kamisama,TV (12 eps),Jan 2020 - Mar 2020,"293,492",7.82
Suzumiya Haruhi no Yuuutsu,TV (14 eps),Apr 2006 - Jul 2006,"926,968",7.82
Tanaka-kun wa Itsumo Kedaruge,TV (12 eps),Apr 2016 - Jun 2016,"469,147",7.82
Tasogare Otome x Amnesia,TV (12 eps),Apr 2012 - Jun 2012,"407,642",7.82
Working&#039;!!,TV (13 eps),Oct 2011 - Dec 2011,"266,653",7.81
Yuru Yuri♪♪,TV (12 eps),Jul 2012 - Sep 2012,"188,381",7.81
Yuusha-Ou GaoGaiGar,TV (49 eps),Feb 1997 - Jan 1998,"22,748",7.81
Kokoro ga Sakebitagatterunda.,Movie (1 eps),Sep 2015 - Sep 2015,"335,598",7.81
Little Witch Academia (TV),TV (25 eps),Jan 2017 - Jun 2017,"653,631",7.81
New Initial D Movie: Legend 2 - Tousou,Movie (1 eps),May 2015 - May 2015,"32,007",7.81
Oomuro-ke: Dear Sisters,Movie (1 eps),Feb 2024 - Feb 2024,"14,021",7.81
Planetarian: Hoshi no Hito,Movie (1 eps),Sep 2016 - Sep 2016,"50,124",7.81
Seto no Hanayome OVA,OVA (2 eps),Nov 2008 - Jan 2009,"54,062",7.81
Aoki Hagane no Arpeggio: Ars Nova Movie 2 - Cadenza,Movie (1 eps),Oct 2015 - Oct 2015,"31,789",7.81
Beastars,TV (12 eps),Oct 2019 - Dec 2019,"868,217",7.81
Bungou Stray Dogs,TV (12 eps),Apr 2016 - Jun 2016,"1,416,329",7.81
Capeta,TV (52 eps),Oct 2005 - Sep 2006,"28,047",7.81
Eikoku Koi Monogatari Emma: Molders-hen,TV (12 eps),Apr 2007 - Jul 2007,"28,204",7.81
Enen no Shouboutai: Ni no Shou,TV (24 eps),Jul 2020 - Dec 2020,"785,819",7.81
Goku Sayonara Zetsubou Sensei,OVA (3 eps),Oct 2008 - Feb 2009,"65,389",7.81
Baby Steps,TV (25 eps),Apr 2014 - Sep 2014,"148,226",7.80
Blue Period,TV (12 eps),Oct 2021 - Dec 2021,"474,449",7.80
Break Blade Movie 5: Shisen no Hate,Movie (1 eps),Jan 2011 - Jan 2011,"55,999",7.80
City Hunter 3,TV (13 eps),Oct 1989 - Jan 1990,"22,491",7.80
Flanders no Inu (Movie),Movie (1 eps),Mar 1997 - Mar 1997,"22,850",7.80
Go! Princess Precure,TV (50 eps),Feb 2015 - Jan 2016,"19,458",7.80
Hidamari Sketch x ☆☆☆ Specials,Special (2 eps),Oct 2010 - Oct 2010,"15,667",7.80
InuYasha Movie 3: Tenka Hadou no Ken,Movie (1 eps),Dec 2003 - Dec 2003,"103,043",7.80
Slayers Try,TV (26 eps),Apr 1997 - Sep 1997,"56,049",7.80
Sonny Boy,TV (12 eps),Jul 2021 - Oct 2021,"319,718",7.80
Yamada-kun to Lv999 no Koi wo Suru,TV (13 eps),Apr 2023 - Jun 2023,"421,867",7.80
Jungle wa Itsumo Hare nochi Guu,TV (26 eps),Apr 2001 - Sep 2001,"34,892",7.80
Kobayashi-san Chi no Maid Dragon S: Nippon no Omotenashi - Attend wa Dragon desu,Special (1 eps),Jan 2022 - Jan 2022,"75,443",7.80
Kuroko no Basket: Tip Off,Special (1 eps),Feb 2013 - Feb 2013,"105,927",7.80
Lucky☆Star: Original na Visual to Animation,OVA (1 eps),Sep 2008 - Sep 2008,"134,342",7.80
Lupin III: The First,Movie (1 eps),Dec 2019 - Dec 2019,"33,580",7.80
Lupin the IIIrd: Jigen Daisuke no Bohyou,Movie (1 eps),Jun 2014 - Jun 2014,"30,043",7.80
Magi: Sinbad no Bouken,OVA (5 eps),May 2014 - Jul 2015,"137,972",7.80
Mahoujin Guruguru (2017),TV (24 eps),Jul 2017 - Dec 2017,"33,668",7.80
Meitantei Conan Movie 08: Ginyoku no Time Travel Recap,TV Special (1 eps),Apr 2004 - Apr 2004,"22,169",7.80
Nodame Cantabile: Finale - Mine to Kiyora no Saikai,Special (1 eps),Apr 2010 - Apr 2010,"44,863",7.80
